"year","count","tag1","tag2","rank1","rank2"
2016,286,.net,ajax,40,1
2017,284,.net,ajax,41,2
2015,11,.net,ajax,80,3
2017,927,ajax,android,18,1
2016,559,ajax,android,43,2
2017,338,.net,android,22,3
2016,301,.net,android,36,4
2015,15,.net,android,74,5
2015,13,ajax,android,71,6
2017,2833,android,android-asynctask,46,1
2016,2773,android,android-asynctask,48,2
2015,25,android,android-asynctask,78,3
2017,3281,android,android-fragment,28,1
2016,2913,android,android-fragment,42,2
2016,2922,android,android-intent,41,1
2017,2470,android,android-intent,57,2
2015,25,android,android-intent,79,3
2016,4208,android,android-layout,5,1
2017,3816,android,android-layout,11,2
2015,23,android,android-layout,80,3
2016,3150,android,android-sqlite,31,1
2017,2687,android,android-sqlite,52,2
2016,383,android-layout,android-sqlite,11,3
2017,230,android-layout,android-sqlite,41,4
2015,19,android,android-sqlite,83,5
2015,1,android-layout,android-sqlite,74,6
2017,5401,android,android-studio,3,1
2016,4851,android,android-studio,4,2
2016,502,android-layout,android-studio,2,3
2017,434,android-layout,android-studio,3,4
2015,2,android,android-studio,92,5
2016,2936,android,angularjs,40,1
2017,2409,android,angularjs,58,2
2017,869,ajax,angularjs,20,3
2017,767,android-studio,angularjs,18,4
2016,515,ajax,angularjs,51,5
2016,439,android-studio,angularjs,52,6
2016,318,android-layout,angularjs,27,7
2017,286,.net,angularjs,39,8
2016,241,.net,angularjs,54,9
2017,130,android-layout,angularjs,59,10
2015,6,ajax,angularjs,81,11
2015,6,.net,angularjs,90,12
2015,5,android,angularjs,90,13
2017,717,angularjs,angularjs-2.0,36,1
2016,557,angularjs,angularjs-2.0,47,2
2017,589,ajax,apache,39,1
2016,482,ajax,apache,53,2
2016,876,angularjs,asp.net,23,1
2017,831,ajax,asp.net,22,2
2016,544,ajax,asp.net,47,3
2017,480,angularjs,asp.net,51,4
2017,426,.net,asp.net,6,5
2016,350,.net,asp.net,18,6
2015,16,.net,asp.net,70,7
2015,10,angularjs,asp.net,75,8
2015,8,ajax,asp.net,77,9
2017,1075,asp.net,asp.net-mvc,9,1
2016,658,asp.net,asp.net-mvc,31,2
2016,648,angularjs,asp.net-mvc,41,3
2017,574,ajax,asp.net-mvc,42,4
2016,496,ajax,asp.net-mvc,52,5
2017,339,.net,asp.net-mvc,21,6
2016,324,.net,asp.net-mvc,26,7
2017,301,angularjs,asp.net-mvc,59,8
2015,13,ajax,asp.net-mvc,70,9
2015,10,.net,asp.net-mvc,83,10
2015,6,asp.net,asp.net-mvc,85,11
2015,4,angularjs,asp.net-mvc,85,12
2017,974,asp.net,asp.net-mvc-5,13,1
2016,746,angularjs,asp.net-mvc-5,34,2
2016,577,asp.net,asp.net-mvc-5,40,3
2016,509,asp.net-mvc,asp.net-mvc-5,6,4
2017,494,asp.net-mvc,asp.net-mvc-5,7,5
2016,288,.net,asp.net-mvc-5,38,6
2017,275,angularjs,asp.net-mvc-5,61,7
2017,272,.net,asp.net-mvc-5,44,8
2015,15,asp.net,asp.net-mvc-5,70,9
2015,14,asp.net-mvc,asp.net-mvc-5,65,10
2015,12,.net,asp.net-mvc-5,79,11
2015,5,angularjs,asp.net-mvc-5,84,12
2016,264,asp.net-mvc,asp.net-web-api,52,1
2017,196,asp.net-mvc,asp.net-web-api,60,2
2015,1,asp.net-mvc,asp.net-web-api,87,3
2016,300,android-layout,bitmap,30,1
2017,140,android-layout,bitmap,56,2
2017,1093,ajax,bootstrap,11,1
2017,918,asp.net,bootstrap,16,2
2016,828,angularjs,bootstrap,25,3
2017,777,angularjs,bootstrap,31,4
2016,739,ajax,bootstrap,27,5
2017,721,android-studio,bootstrap,25,6
2016,565,asp.net,bootstrap,44,7
2016,431,asp.net-mvc,bootstrap,13,8
2017,407,asp.net-mvc,bootstrap,18,9
2016,374,android-studio,bootstrap,60,10
2017,292,asp.net-mvc-5,bootstrap,21,11
2016,274,asp.net-mvc-5,bootstrap,24,12
2016,265,.net,bootstrap,46,13
2017,260,.net,bootstrap,48,14
2015,10,angularjs,bootstrap,77,15
2015,8,asp.net-mvc-5,bootstrap,55,16
2015,7,.net,bootstrap,88,17
2015,6,asp.net-mvc,bootstrap,73,18
2015,6,ajax,bootstrap,80,19
2015,6,asp.net,bootstrap,83,20
2016,326,android-layout,bottombar,24,1
2017,139,android-layout,bottombar,57,2
2017,676,android-studio,c,30,1
2016,391,android-studio,c,58,2
2016,3447,android,c#,21,1
2017,3314,android,c#,27,2
2017,1649,asp.net,c#,1,3
2016,969,asp.net,c#,14,4
2016,965,angularjs,c#,12,5
2017,949,ajax,c#,16,6
2017,933,android-studio,c#,9,7
2017,667,c,c#,8,8
2016,663,asp.net-mvc,c#,1,9
2017,652,.net,c#,1,10
2017,619,angularjs,c#,43,11
2017,613,asp.net-mvc,c#,2,12
2016,610,ajax,c#,37,13
2016,535,android-studio,c#,40,14
2016,518,bootstrap,c#,22,15
2017,512,bootstrap,c#,24,16
2016,499,.net,c#,2,17
2016,475,c,c#,19,18
2017,471,asp.net-mvc-5,c#,1,19
2016,417,asp.net-mvc-5,c#,3,20
2016,359,android-layout,c#,16,21
2017,183,android-layout,c#,48,22
2015,35,android,c#,69,23
2015,27,.net,c#,65,24
2015,27,asp.net-mvc-5,c#,43,25
2015,21,asp.net,c#,65,26
2015,16,ajax,c#,68,27
2015,14,asp.net-mvc,c#,66,28
2015,14,angularjs,c#,68,29
2015,8,c,c#,71,30
2015,6,bootstrap,c#,71,31
2015,1,android-layout,c#,75,32
2015,1,android-studio,c#,67,33
2017,2018,c#,c++,47,1
2016,1780,c#,c++,55,2
2017,897,c,c++,1,3
2017,759,android-studio,c++,20,4
2016,596,c,c++,12,5
2016,358,android-studio,c++,63,6
2017,277,bootstrap,c++,55,7
2016,271,bootstrap,c++,56,8
2016,248,.net,c++,53,9
2017,209,.net,c++,64,10
2015,55,c#,c++,72,11
2015,13,.net,c++,78,12
2015,11,c,c++,66,13
2015,5,bootstrap,c++,73,14
2017,1267,c++,c++11,9,1
2016,512,c++,c++11,45,2
2017,471,c,c++11,21,3
2016,246,c,c++11,55,4
2015,61,c++,c++11,67,5
2015,6,c,c++11,75,6
2017,772,c++,c++1z,29,1
2016,370,c++,c++1z,56,2
2017,967,c++,codeblocks,23,1
2016,497,c++,codeblocks,48,2
2017,358,c,codeblocks,41,3
2016,247,c,codeblocks,54,4
2017,814,ajax,codeigniter,23,1
2017,350,bootstrap,codeigniter,34,2
2016,322,ajax,codeigniter,63,3
2016,307,bootstrap,codeigniter,49,4
2016,692,angularjs,cordova,37,1
2017,295,angularjs,cordova,60,2
2015,1,angularjs,cordova,91,3
2017,3557,c#,css,12,1
2016,3199,android,css,29,2
2017,2947,android,css,38,3
2016,1869,c#,css,51,4
2017,1241,ajax,css,8,5
2016,1038,angularjs,css,8,6
2017,982,asp.net,css,12,7
2017,912,angularjs,css,17,8
2017,885,android-studio,css,12,9
2017,776,bootstrap,css,9,10
2016,760,bootstrap,css,10,11
2016,736,ajax,css,29,12
2016,557,asp.net,css,47,13
2016,482,android-studio,css,46,14
2016,417,asp.net-mvc,css,14,15
2017,396,asp.net-mvc,css,20,16
2017,351,c,css,42,17
2016,347,android-layout,css,18,18
2017,341,.net,css,20,19
2017,336,asp.net-mvc-5,css,11,20
2017,324,codeigniter,css,7,21
2016,281,c,css,52,22
2016,250,asp.net-mvc-5,css,32,23
2016,237,.net,css,56,24
2017,185,android-layout,css,47,25
2016,147,codeigniter,css,15,26
2015,37,c#,css,81,27
2015,31,android,css,74,28
2015,11,ajax,css,72,29
2015,10,asp.net-mvc-5,css,51,30
2015,9,angularjs,css,79,31
2015,7,asp.net-mvc,css,71,32
2015,6,asp.net,css,81,33
2015,5,c,css,76,34
2015,4,bootstrap,css,79,35
2015,2,.net,css,94,36
2015,1,android-layout,css,76,37
2016,3006,android,css3,35,1
2017,2350,c#,css3,33,2
2017,2239,android,css3,62,3
2016,1694,c#,css3,58,4
2017,1653,css,css3,8,5
2016,1232,css,css3,17,6
2017,958,ajax,css3,15,7
2016,900,angularjs,css3,21,8
2017,758,asp.net,css3,22,9
2017,711,android-studio,css3,27,10
2017,605,bootstrap,css3,16,11
2017,593,angularjs,css3,45,12
2016,580,ajax,css3,41,13
2016,559,bootstrap,css3,17,14
2016,519,asp.net,css3,52,15
2016,442,android-studio,css3,51,16
2016,366,asp.net-mvc,css3,29,17
2016,340,android-layout,css3,21,18
2017,301,asp.net-mvc,css3,43,19
2017,268,asp.net-mvc-5,css3,26,20
2016,248,asp.net-mvc-5,css3,33,21
2017,121,android-layout,css3,61,22
2015,28,android,css3,75,23
2015,21,css,css3,69,24
2015,20,c#,css3,86,25
2015,8,angularjs,css3,80,26
2015,7,bootstrap,css3,68,27
2015,5,asp.net,css3,87,28
2015,5,ajax,css3,85,29
2015,3,asp.net-mvc-5,css3,61,30
2015,1,asp.net-mvc,css3,89,31
2015,1,android-layout,css3,77,32
2017,1074,c++,dev-c++,18,1
2016,510,c++,dev-c++,46,2
2017,458,c,dev-c++,23,3
2016,199,c,dev-c++,61,4
2016,308,android-layout,dialogo,29,1
2017,150,android-layout,dialogo,53,2
2017,288,css3,div,38,1
2016,181,css3,div,64,2
2016,455,django,django-admin,16,1
2017,354,django,django-admin,33,2
2016,476,django,django-forms,13,1
2017,402,django,django-forms,23,2
2016,632,django,django-models,3,1
2017,524,django,django-models,7,2
2015,40,django,django-models,66,3
2016,422,django,djangorestframework,19,1
2017,242,django,djangorestframework,51,2
2015,35,django,djangorestframework,71,3
2017,787,css,dom,33,1
2016,568,css,dom,58,2
2017,308,css3,dom,33,3
2016,288,bootstrap,dom,52,4
2017,246,bootstrap,dom,63,5
2016,211,css3,dom,59,6
2015,3,css,dom,88,7
2015,1,bootstrap,dom,89,8
2015,1,css3,dom,87,9
2016,3001,android,eclipse,37,1
2017,2398,android,eclipse,59,2
2017,683,android-studio,eclipse,29,3
2016,457,android-studio,eclipse,49,4
2016,321,android-layout,eclipse,26,5
2017,306,c,eclipse,47,6
2016,283,c,eclipse,51,7
2017,133,android-layout,eclipse,58,8
2015,16,android,eclipse,86,9
2015,1,c,eclipse,91,10
2015,1,android-layout,eclipse,78,11
2017,2335,c#,entity-framework,34,1
2016,2267,c#,entity-framework,38,2
2016,567,asp.net,entity-framework,43,3
2017,564,asp.net,entity-framework,45,4
2016,391,asp.net-mvc,entity-framework,21,5
2017,351,asp.net-mvc,entity-framework,33,6
2017,320,asp.net-mvc-5,entity-framework,16,7
2016,301,asp.net-mvc-5,entity-framework,19,8
2016,263,.net,entity-framework,47,9
2017,253,.net,entity-framework,52,10
2015,27,c#,entity-framework,84,11
2015,15,.net,entity-framework,73,12
2015,5,asp.net-mvc-5,entity-framework,59,13
2015,5,asp.net-mvc,entity-framework,80,14
2015,3,asp.net,entity-framework,89,15
2016,300,asp.net-mvc,entity-framework-6,44,1
2017,210,asp.net-mvc,entity-framework-6,59,2
2017,724,c++,estándares,31,1
2016,383,c++,estándares,54,2
2017,2279,c#,excel,36,1
2016,1713,c#,excel,56,2
2017,968,c++,excel,22,3
2017,659,asp.net,excel,30,4
2016,642,css,excel,49,5
2017,580,css,excel,57,6
2016,435,asp.net,excel,60,7
2016,319,bootstrap,excel,46,8
2017,273,django,excel,46,9
2017,264,bootstrap,excel,58,10
2016,257,asp.net-mvc,excel,53,11
2017,236,asp.net-mvc,excel,55,12
2016,231,.net,excel,59,13
2017,227,.net,excel,61,14
2016,204,c++,excel,62,15
2016,185,django,excel,59,16
2015,19,c#,excel,87,17
2015,7,.net,excel,89,18
2015,5,c++,excel,88,19
2015,5,asp.net-mvc,excel,81,20
2015,5,css,excel,81,21
2015,3,asp.net,excel,90,22
2015,2,bootstrap,excel,84,23
2017,219,django,express,55,1
2016,212,django,express,57,2
2017,3369,android,firebase,25,1
2016,2904,android,firebase,43,2
2017,896,android-studio,firebase,11,3
2016,658,angularjs,firebase,39,4
2016,450,android-studio,firebase,50,5
2016,334,android-layout,firebase,22,6
2017,331,angularjs,firebase,56,7
2017,251,android-layout,firebase,38,8
2015,5,android,firebase,89,9
2015,2,angularjs,firebase,90,10
2016,746,css,git,38,1
2017,524,css,git,62,2
2016,372,django,git,29,3
2016,273,css3,git,44,4
2017,212,css3,git,58,5
2017,184,django,git,60,6
2015,31,django,git,75,7
2015,20,css,git,70,8
2015,8,css3,git,68,9
2016,3500,android,google-maps,20,1
2017,3005,android,google-maps,36,2
2016,879,angularjs,google-maps,22,3
2017,826,android-studio,google-maps,17,4
2017,795,css,google-maps,30,5
2016,759,css,google-maps,35,6
2016,543,android-studio,google-maps,39,7
2017,494,angularjs,google-maps,50,8
2016,386,bootstrap,google-maps,30,9
2016,382,android-layout,google-maps,12,10
2017,318,css3,google-maps,29,11
2016,304,css3,google-maps,34,12
2017,277,bootstrap,google-maps,54,13
2017,202,android-layout,google-maps,45,14
2015,13,android,google-maps,88,15
2015,12,angularjs,google-maps,71,16
2015,4,css,google-maps,83,17
2015,3,css3,google-maps,80,18
2015,1,bootstrap,google-maps,90,19
2015,1,android-studio,google-maps,68,20
2016,2713,android,google-play,51,1
2017,2338,android,google-play,61,2
2017,672,android-studio,google-play,31,3
2016,400,android-studio,google-play,57,4
2016,345,android-layout,google-play,19,5
2017,183,android-layout,google-play,49,6
2016,3026,android,gradle,34,1
2017,1890,android,gradle,64,2
2017,600,android-studio,gradle,35,3
2016,504,android-studio,gradle,44,4
2016,358,android-layout,gradle,17,5
2017,165,android-layout,gradle,50,6
2017,4051,c#,html,5,1
2016,3815,android,html,12,2
2017,3672,android,html,18,3
2016,2737,c#,html,20,4
2017,2307,css,html,1,5
2016,1680,css,html,7,6
2017,1594,ajax,html,4,7
2017,1469,c++,html,4,8
2016,1233,angularjs,html,3,9
2017,1180,asp.net,html,6,10
2017,1078,android-studio,html,4,11
2017,1046,angularjs,html,7,12
2016,936,ajax,html,17,13
2017,886,bootstrap,html,2,14
2017,866,css3,html,2,15
2016,860,bootstrap,html,5,16
2016,723,asp.net,html,25,17
2017,674,c,html,6,18
2016,656,c++,html,34,19
2016,596,css3,html,8,20
2016,570,android-studio,html,38,21
2016,539,django,html,6,22
2016,472,asp.net-mvc,html,10,23
2017,467,django,html,14,24
2016,455,c,html,26,25
2017,437,asp.net-mvc,html,12,26
2017,432,angularjs-2.0,html,3,27
2017,408,codeigniter,html,5,28
2017,401,.net,html,10,29
2016,389,android-layout,html,10,30
2017,360,asp.net-mvc-5,html,8,31
2016,353,.net,html,16,32
2016,323,asp.net-mvc-5,html,15,33
2017,322,excel,html,1,34
2016,256,google-maps,html,5,35
2017,238,apache,html,6,36
2016,236,apache,html,7,37
2017,231,google-maps,html,9,38
2017,209,android-layout,html,43,39
2016,203,codeigniter,html,13,40
2016,199,git,html,5,41
2017,195,git,html,7,42
2016,159,excel,html,12,43
2015,69,c#,html,69,44
2015,45,c++,html,71,45
2015,38,css,html,65,46
2016,38,angularjs-2.0,html,7,47
2015,36,android,html,68,48
2015,35,git,html,14,49
2015,30,django,html,77,50
2015,19,asp.net-mvc-5,html,46,51
2015,16,ajax,html,67,52
2015,14,.net,html,76,53
2015,14,css3,html,66,54
2015,13,asp.net-mvc,html,69,55
2015,11,angularjs,html,73,56
2015,10,asp.net,html,73,57
2015,7,bootstrap,html,67,58
2015,5,c,html,78,59
2015,5,google-maps,html,18,60
2015,4,excel,html,17,61
2015,1,android-studio,html,69,62
2015,1,android-layout,html,79,63
2017,4119,html,html5,5,1
2016,3380,android,html5,23,2
2017,3148,c#,html5,14,3
2017,2792,android,html5,47,4
2016,2596,html,html5,14,5
2016,2468,c#,html5,30,6
2017,1788,css,html5,5,7
2016,1366,css,html5,14,8
2017,1299,ajax,html5,6,9
2016,1059,angularjs,html5,6,10
2017,949,asp.net,html5,15,11
2017,909,angularjs,html5,18,12
2017,884,android-studio,html5,13,13
2017,865,css3,html5,3,14
2016,775,ajax,html5,26,15
2016,734,bootstrap,html5,12,16
2017,733,bootstrap,html5,13,17
2017,684,c++,html5,33,18
2016,655,asp.net,html5,32,19
2016,615,css3,html5,7,20
2016,513,android-studio,html5,42,21
2016,507,c++,html5,47,22
2016,474,asp.net-mvc,html5,8,23
2017,431,c,html5,29,24
2016,419,django,html5,21,25
2017,409,asp.net-mvc,html5,17,26
2016,393,c,html5,35,27
2017,373,django,html5,28,28
2016,370,android-layout,html5,14,29
2017,351,codeigniter,html5,6,30
2017,336,.net,html5,24,31
2016,330,asp.net-mvc-5,html5,12,32
2017,327,asp.net-mvc-5,html5,13,33
2016,301,.net,html5,35,34
2017,263,excel,html5,7,35
2016,250,google-maps,html5,7,36
2017,184,google-maps,html5,14,37
2017,152,android-layout,html5,52,38
2016,148,excel,html5,13,39
2016,137,codeigniter,html5,18,40
2015,54,html,html5,67,41
2015,44,c++,html5,73,42
2015,42,c#,html5,78,43
2015,32,django,html5,74,44
2015,32,android,html5,72,45
2015,22,css,html5,67,46
2015,17,css3,html5,65,47
2015,16,bootstrap,html5,65,48
2015,12,angularjs,html5,72,49
2015,9,ajax,html5,76,50
2015,8,asp.net,html5,77,51
2015,8,asp.net-mvc-5,html5,54,52
2015,8,.net,html5,87,53
2015,6,asp.net-mvc,html5,77,54
2015,4,c,html5,81,55
2015,3,google-maps,html5,20,56
2015,1,excel,html5,21,57
2015,1,android-layout,html5,65,58
2017,1392,html,http,45,1
2016,1209,html,http,52,2
2016,722,angularjs,http,35,3
2017,623,css,http,51,4
2016,614,html5,http,43,5
2016,560,css,http,59,6
2017,544,html5,http,55,7
2017,325,angularjs,http,57,8
2017,272,django,http,47,9
2017,243,css3,http,53,10
2016,220,css3,http,56,11
2016,219,django,http,56,12
2015,12,html,http,84,13
2015,12,html5,http,76,14
2015,10,angularjs,http,78,15
2015,4,css,http,84,16
2015,3,css3,http,79,17
2017,1932,c#,iis,50,1
2016,1576,c#,iis,60,2
2017,648,asp.net,iis,33,3
2016,489,asp.net,iis,57,4
2016,274,asp.net-mvc,iis,50,5
2017,216,asp.net-mvc,iis,58,6
2017,1566,html,ionic,37,1
2016,1111,html,ionic,57,2
2016,951,angularjs,ionic,14,3
2017,742,css,ionic,39,4
2017,667,angularjs,ionic,38,5
2016,614,html5,ionic,42,6
2017,604,html5,ionic,45,7
2016,542,css,ionic,60,8
2017,386,angularjs-2.0,ionic,5,9
2017,320,css3,ionic,28,10
2016,219,css3,ionic,57,11
2016,34,angularjs-2.0,ionic,8,12
2016,2939,android,ios,39,1
2017,2113,android,ios,63,2
2017,1262,html,ios,50,3
2016,1158,html,ios,55,4
2016,752,angularjs,ios,33,5
2017,670,android-studio,ios,32,6
2016,640,html5,ios,38,7
2017,621,css,ios,52,8
2016,607,css,ios,55,9
2017,480,html5,ios,59,10
2016,428,android-studio,ios,54,11
2016,344,android-layout,ios,20,12
2017,280,css3,ios,40,13
2016,244,css3,ios,51,14
2017,226,angularjs,ios,64,15
2017,122,android-layout,ios,60,16
2015,34,android,ios,70,17
2015,11,html,ios,85,18
2015,6,css,ios,79,19
2015,5,html5,ios,85,20
2015,2,android-layout,ios,64,21
2015,2,css3,ios,86,22
2015,1,android-studio,ios,66,23
2015,1,angularjs,ios,92,24
2016,316,ios,iphone,5,1
2017,77,ios,iphone,15,2
2015,21,ios,iphone,22,3
2017,5842,android,java,1,1
2016,5642,android,java,2,2
2017,3689,c#,java,11,3
2017,3561,html,java,7,4
2016,2647,c#,java,24,5
2016,2220,html,java,20,6
2017,1552,android-studio,java,1,7
2017,1470,c++,java,3,8
2017,1434,css,java,13,9
2017,1256,html5,java,10,10
2016,1181,html5,java,11,11
2017,1088,ajax,java,12,12
2016,1044,css,java,20,13
2016,943,angularjs,java,16,14
2017,873,asp.net,java,19,15
2016,866,android-studio,java,14,16
2017,866,angularjs,java,24,17
2016,829,c++,java,27,18
2016,709,ajax,java,31,19
2017,669,c,java,7,20
2016,609,asp.net,java,36,21
2017,552,css3,java,11,22
2017,552,bootstrap,java,19,23
2016,549,c,java,14,24
2016,544,bootstrap,java,21,25
2016,535,android-layout,java,1,26
2016,477,django,java,12,27
2016,394,css3,java,20,28
2017,393,android-layout,java,9,29
2017,389,django,java,26,30
2017,387,.net,java,11,31
2016,383,asp.net-mvc,java,25,32
2016,321,.net,java,27,33
2016,311,eclipse,java,1,34
2017,308,excel,java,5,35
2016,308,google-maps,java,1,36
2017,301,eclipse,java,2,37
2017,299,asp.net-mvc,java,46,38
2017,294,firebase,java,1,39
2017,285,codeigniter,java,10,40
2016,281,ionic,java,4,41
2016,250,asp.net-mvc-5,java,31,42
2017,250,asp.net-mvc-5,java,30,43
2017,242,google-maps,java,8,44
2017,217,apache,java,10,45
2017,214,git,java,2,46
2016,210,excel,java,8,47
2017,207,ionic,java,13,48
2016,203,apache,java,12,49
2016,181,git,java,10,50
2016,140,codeigniter,java,16,51
2016,129,firebase,java,2,52
2015,102,c++,java,64,53
2015,94,android,java,65,54
2015,90,c#,java,67,55
2015,46,git,java,12,56
2015,45,html,java,68,57
2015,30,django,java,76,58
2015,26,html5,java,69,59
2015,21,css,java,68,60
2015,19,.net,java,68,61
2015,13,asp.net,java,71,62
2015,13,angularjs,java,70,63
2015,12,eclipse,java,3,64
2015,11,c,java,65,65
2015,10,ajax,java,73,66
2015,8,asp.net-mvc-5,java,53,67
2015,7,excel,java,15,68
2015,6,asp.net-mvc,java,78,69
2015,5,bootstrap,java,74,70
2015,5,google-maps,java,17,71
2015,5,css3,java,73,72
2015,4,android-layout,java,63,73
2015,4,firebase,java,3,74
2015,3,android-studio,java,65,75
2017,2900,java,java-ee,38,1
2016,1772,java,java-ee,64,2
2015,115,java,java-ee,67,3
2016,3486,java,java-swing,24,1
2017,3118,java,java-swing,34,2
2017,6194,java,javascript,2,1
2017,5426,html,javascript,1,2
2016,4939,java,javascript,9,3
2017,4557,c#,javascript,1,4
2016,3879,android,javascript,9,5
2017,3725,android,javascript,15,6
2016,3424,html,javascript,8,7
2016,3044,c#,javascript,15,8
2017,2171,css,javascript,2,9
2017,2010,html5,javascript,1,10
2017,1884,ajax,javascript,1,11
2016,1776,html5,javascript,2,12
2016,1590,css,javascript,9,13
2017,1512,c++,javascript,2,14
2016,1482,angularjs,javascript,1,15
2017,1396,angularjs,javascript,2,16
2017,1354,asp.net,javascript,2,17
2016,1109,ajax,javascript,10,18
2017,1091,android-studio,javascript,3,19
2017,967,bootstrap,javascript,1,20
2017,878,css3,javascript,1,21
2016,871,bootstrap,javascript,4,22
2016,867,asp.net,javascript,20,23
2017,694,c,javascript,4,24
2016,630,django,javascript,4,25
2016,622,c++,javascript,39,26
2016,590,css3,javascript,9,27
2016,585,android-studio,javascript,36,28
2017,561,angularjs-2.0,javascript,1,29
2016,559,asp.net-mvc,javascript,3,30
2017,530,asp.net-mvc,javascript,5,31
2017,519,django,javascript,8,32
2017,503,codeigniter,javascript,2,33
2016,474,c,javascript,20,34
2017,445,.net,javascript,3,35
2017,418,asp.net-mvc-5,javascript,2,36
2016,402,android-layout,javascript,8,37
2016,379,asp.net-mvc-5,javascript,5,38
2016,363,.net,javascript,14,39
2016,345,ionic,javascript,1,40
2017,344,ionic,javascript,2,41
2017,321,excel,javascript,2,42
2016,320,ios,javascript,4,43
2016,308,google-maps,javascript,2,44
2017,278,google-maps,javascript,3,45
2017,258,apache,javascript,3,46
2016,254,apache,javascript,5,47
2017,253,android-layout,javascript,37,48
2016,225,git,javascript,1,49
2017,210,git,javascript,3,50
2016,209,codeigniter,javascript,11,51
2015,183,java,javascript,65,52
2016,170,excel,javascript,10,53
2015,119,c#,javascript,65,54
2017,105,ios,javascript,14,55
2015,73,html,javascript,65,56
2015,63,c++,javascript,66,57
2016,62,angularjs-2.0,javascript,6,58
2015,59,git,javascript,11,59
2015,46,android,javascript,66,60
2015,46,html5,javascript,65,61
2015,38,django,javascript,69,62
2015,27,css,javascript,66,63
2015,27,angularjs,javascript,65,64
2015,24,asp.net-mvc-5,javascript,44,65
2015,22,ajax,javascript,65,66
2015,22,.net,javascript,66,67
2015,19,asp.net,javascript,66,68
2015,14,asp.net-mvc,javascript,67,69
2015,11,css3,javascript,67,70
2015,10,ios,javascript,23,71
2015,9,bootstrap,javascript,66,72
2015,8,c,javascript,69,73
2015,7,google-maps,javascript,15,74
2015,5,excel,javascript,16,75
2015,1,android-layout,javascript,73,76
2015,1,codeigniter,javascript,20,77
2015,1,android-studio,javascript,70,78
2017,10432,javascript,jquery,1,1
2016,5625,javascript,jquery,6,2
2017,5367,java,jquery,5,3
2017,4728,html,jquery,3,4
2016,4182,java,jquery,15,5
2017,3936,c#,jquery,6,6
2016,3422,android,jquery,22,7
2017,3354,android,jquery,26,8
2016,3054,html,jquery,11,9
2016,2713,c#,jquery,21,10
2017,1928,css,jquery,3,11
2017,1793,ajax,jquery,3,12
2017,1768,html5,jquery,3,13
2016,1580,html5,jquery,5,14
2016,1479,css,jquery,10,15
2017,1230,asp.net,jquery,4,16
2016,1084,ajax,jquery,13,17
2016,1034,angularjs,jquery,9,18
2017,974,android-studio,jquery,8,19
2017,957,angularjs,jquery,13,20
2017,880,bootstrap,jquery,3,21
2017,878,c++,jquery,26,22
2016,846,bootstrap,jquery,6,23
2017,803,css3,jquery,4,24
2016,800,asp.net,jquery,21,25
2016,537,asp.net-mvc,jquery,4,26
2016,535,css3,jquery,12,27
2016,498,django,jquery,10,28
2016,498,android-studio,jquery,45,29
2017,473,asp.net-mvc,jquery,9,30
2017,470,c,jquery,22,31
2017,456,django,jquery,15,32
2017,448,codeigniter,jquery,4,33
2017,397,asp.net-mvc-5,jquery,4,34
2016,393,c++,jquery,53,35
2016,379,asp.net-mvc-5,jquery,6,36
2017,374,.net,jquery,12,37
2016,366,android-layout,jquery,15,38
2016,311,.net,jquery,31,39
2016,287,c,jquery,49,40
2016,272,ionic,jquery,6,41
2017,271,excel,jquery,6,42
2016,254,google-maps,jquery,6,43
2017,238,android-layout,jquery,39,44
2015,235,javascript,jquery,65,45
2017,227,apache,jquery,8,46
2017,212,ionic,jquery,11,47
2016,212,apache,jquery,11,48
2017,207,google-maps,jquery,12,49
2017,197,git,jquery,6,50
2016,189,git,jquery,8,51
2016,184,codeigniter,jquery,14,52
2016,164,excel,jquery,11,53
2015,111,java,jquery,68,54
2015,76,c#,jquery,68,55
2015,59,html,jquery,66,56
2015,45,c++,jquery,70,57
2015,34,html5,jquery,66,58
2015,33,git,jquery,15,59
2015,32,django,jquery,72,60
2015,22,asp.net-mvc-5,jquery,45,61
2015,22,android,jquery,81,62
2015,20,angularjs,jquery,66,63
2015,18,asp.net,jquery,67,64
2015,17,ajax,jquery,66,65
2015,17,.net,jquery,69,66
2015,16,css,jquery,71,67
2015,13,asp.net-mvc,jquery,68,68
2015,7,css3,jquery,69,69
2015,7,bootstrap,jquery,69,70
2015,5,google-maps,jquery,19,71
2015,3,excel,jquery,18,72
2015,3,c,jquery,85,73
2015,1,codeigniter,jquery,21,74
2017,2981,javascript,jquery-ui,35,1
2017,1534,jquery,jquery-ui,29,2
2016,1332,javascript,jquery-ui,62,3
2016,848,jquery,jquery-ui,59,4
2017,1432,jquery,jquery-validate,33,1
2016,1059,jquery,jquery-validate,53,2
2017,3315,java,jsf,26,1
2016,2387,java,jsf,57,2
2015,1,java,jsf,92,3
2017,7290,javascript,json,5,1
2017,4777,java,json,11,2
2016,4344,java,json,13,3
2016,4213,javascript,json,18,4
2016,3866,android,json,10,5
2017,3750,jquery,json,4,6
2017,3714,android,json,16,7
2017,3277,html,json,9,8
2017,2927,c#,json,17,9
2016,2191,html,json,23,10
2016,2189,c#,json,42,11
2016,2159,jquery,json,12,12
2017,1245,css,json,15,13
2016,1173,html5,json,12,14
2017,1153,ajax,json,9,15
2017,1110,html5,json,14,16
2016,1081,css,json,19,17
2017,1041,android-studio,json,6,18
2016,1011,angularjs,json,11,19
2017,794,angularjs,json,26,20
2016,738,ajax,json,28,21
2017,727,asp.net,json,24,22
2017,582,c++,json,40,23
2016,582,android-studio,json,37,24
2016,574,asp.net,json,41,25
2016,547,bootstrap,json,20,26
2016,544,c++,json,42,27
2017,516,bootstrap,json,23,28
2017,495,css3,json,14,29
2016,450,django,json,17,30
2017,421,c,json,30,31
2016,413,android-layout,json,5,32
2016,411,css3,json,18,33
2017,402,angularjs-2.0,json,4,34
2016,365,asp.net-mvc,json,30,35
2017,359,django,json,31,36
2016,331,c,json,43,37
2016,315,ios,json,6,38
2017,303,asp.net-mvc,json,42,39
2017,301,.net,json,34,40
2017,293,codeigniter,json,9,41
2016,284,.net,json,42,42
2017,274,asp.net-mvc-5,json,25,43
2017,256,android-layout,json,36,44
2016,248,asp.net-mvc-5,json,34,45
2016,213,google-maps,json,11,46
2017,210,ionic,json,12,47
2016,206,ionic,json,14,48
2017,202,google-maps,json,13,49
2015,170,javascript,json,66,50
2016,137,codeigniter,json,17,51
2017,118,ios,json,13,52
2015,108,java,json,69,53
2015,71,jquery,json,65,54
2015,65,c#,json,70,55
2015,53,c++,json,69,56
2015,36,html,json,70,57
2015,32,android,json,73,58
2016,30,angularjs-2.0,json,10,59
2015,27,django,json,83,60
2015,26,html5,json,67,61
2015,22,ios,json,21,62
2015,18,asp.net,json,68,63
2015,17,angularjs,json,67,64
2015,16,.net,json,72,65
2015,12,asp.net-mvc-5,json,48,66
2015,9,ajax,json,75,67
2015,9,css,json,76,68
2015,8,c,json,70,69
2015,6,css3,json,70,70
2015,6,asp.net-mvc,json,76,71
2015,6,google-maps,json,16,72
2015,5,bootstrap,json,72,73
2015,1,android-layout,json,72,74
2015,1,android-studio,json,71,75
2015,1,codeigniter,json,22,76
2016,3211,java,jsp,29,1
2017,2609,java,jsp,48,2
2016,2180,javascript,jsp,49,3
2017,2114,javascript,jsp,51,4
2016,1262,html,jsp,51,5
2017,1130,jquery,jsp,46,6
2016,1121,jquery,jsp,48,7
2017,1061,html,jsp,60,8
2016,642,html5,jsp,37,9
2017,426,html5,jsp,62,10
2016,291,json,jsp,46,11
2016,260,css3,jsp,46,12
2017,225,json,jsp,61,13
2017,196,css3,jsp,61,14
2017,4719,javascript,laravel,13,1
2017,2800,java,laravel,39,2
2017,2514,jquery,laravel,8,3
2017,2262,html,laravel,18,4
2016,1969,java,laravel,63,5
2016,1901,javascript,laravel,56,6
2016,1110,html,laravel,58,7
2016,1105,jquery,laravel,49,8
2017,866,css,laravel,29,9
2017,827,html5,laravel,19,10
2017,809,ajax,laravel,24,11
2016,561,html5,laravel,52,12
2017,545,json,laravel,9,13
2016,529,angularjs,laravel,48,14
2016,487,css,laravel,64,15
2017,442,angularjs,laravel,52,16
2016,384,ajax,laravel,60,17
2017,345,css3,laravel,27,18
2017,342,bootstrap,laravel,38,19
2016,295,bootstrap,laravel,51,20
2017,289,django,laravel,41,21
2016,267,json,laravel,53,22
2016,192,css3,laravel,62,23
2016,155,django,laravel,62,24
2015,21,javascript,laravel,89,25
2015,7,jquery,laravel,87,26
2015,6,html,laravel,88,27
2015,5,ajax,laravel,87,28
2015,3,css,laravel,89,29
2015,2,json,laravel,91,30
2015,1,css3,laravel,88,31
2015,1,html5,laravel,92,32
2017,332,laravel,laravel-4,29,1
2016,289,laravel,laravel-4,34,2
2017,3554,javascript,laravel-5,24,1
2016,1929,javascript,laravel-5,55,2
2017,1859,jquery,laravel-5,20,3
2017,1640,html,laravel-5,32,4
2016,1171,html,laravel-5,54,5
2016,1126,jquery,laravel-5,47,6
2017,1074,laravel,laravel-5,2,7
2016,676,laravel,laravel-5,6,8
2017,633,ajax,laravel-5,35,9
2017,620,css,laravel-5,54,10
2016,601,html5,laravel-5,46,11
2016,592,css,laravel-5,56,12
2017,570,html5,laravel-5,51,13
2017,453,json,laravel-5,17,14
2016,375,ajax,laravel-5,61,15
2016,307,bootstrap,laravel-5,48,16
2017,252,bootstrap,laravel-5,60,17
2016,232,json,laravel-5,58,18
2015,19,javascript,laravel-5,91,19
2015,13,laravel,laravel-5,63,20
2015,7,jquery,laravel-5,88,21
2015,5,html,laravel-5,89,22
2015,5,ajax,laravel-5,86,23
2015,3,css,laravel-5,90,24
2015,1,html5,laravel-5,93,25
2015,1,json,laravel-5,92,26
2017,517,laravel,laravel-blade,10,1
2017,425,laravel-5,laravel-blade,9,2
2016,216,laravel,laravel-blade,56,3
2016,199,laravel-5,laravel-blade,48,4
2017,2502,c#,linq,29,1
2016,2275,c#,linq,37,2
2017,689,asp.net,linq,28,3
2016,493,asp.net,linq,56,4
2016,369,asp.net-mvc,linq,28,5
2016,269,.net,linq,45,6
2016,261,asp.net-mvc-5,linq,27,7
2017,253,asp.net-mvc,linq,54,8
2017,234,.net,linq,58,9
2017,187,asp.net-mvc-5,linq,42,10
2017,4391,javascript,linux,16,1
2017,3343,java,linux,25,2
2016,3075,java,linux,35,3
2016,2691,javascript,linux,38,4
2016,2491,android,linux,55,5
2017,2485,android,linux,56,6
2017,2031,html,linux,26,7
2017,1967,jquery,linux,19,8
2016,1508,html,linux,41,9
2017,1331,c++,linux,8,10
2016,1301,jquery,linux,39,11
2017,874,css,linux,28,12
2016,775,html5,linux,28,13
2017,748,android-studio,linux,21,14
2016,736,css,linux,44,15
2016,696,c++,linux,32,16
2017,683,html5,linux,34,17
2017,663,c,linux,9,18
2017,550,ajax,linux,45,19
2017,451,json,linux,18,20
2016,443,c,linux,28,21
2017,442,laravel,linux,17,22
2016,442,ajax,linux,58,23
2016,386,android-studio,linux,59,24
2016,382,json,linux,31,25
2016,361,bootstrap,linux,31,26
2017,347,css3,linux,26,27
2017,346,laravel-5,linux,16,28
2016,340,laravel-5,linux,19,29
2016,334,laravel,linux,28,30
2016,333,django,linux,34,31
2016,292,css3,linux,37,32
2017,279,bootstrap,linux,53,33
2017,279,django,linux,42,34
2015,113,javascript,linux,70,35
2015,54,java,linux,78,36
2015,44,c++,linux,72,37
2015,34,jquery,linux,70,38
2015,28,django,linux,81,39
2015,28,html,linux,72,40
2015,22,html5,linux,71,41
2015,16,json,linux,69,42
2015,15,android,linux,87,43
2015,10,css,linux,74,44
2015,7,c,linux,72,45
2015,6,bootstrap,linux,70,46
2015,5,ajax,linux,84,47
2015,5,css3,linux,75,48
2015,3,laravel,linux,69,49
2015,2,laravel-5,linux,61,50
2015,1,android-studio,linux,72,51
2017,274,laravel,magento2,43,1
2017,224,laravel-5,magento2,41,2
2016,209,laravel,magento2,59,3
2016,193,laravel-5,magento2,51,4
2015,2,laravel,magento2,70,5
2015,2,laravel-5,magento2,58,6
2017,369,laravel,mariadb,25,1
2017,308,laravel-5,mariadb,23,2
2016,220,laravel,mariadb,53,3
2016,217,laravel-5,mariadb,45,4
2017,264,laravel,model-view-controller,46,1
2017,220,laravel-5,model-view-controller,43,2
2016,216,laravel,model-view-controller,55,3
2016,201,laravel-5,model-view-controller,46,4
2017,2104,javascript,mongodb,52,1
2016,2098,javascript,mongodb,53,2
2016,301,django,mongodb,39,3
2016,291,json,mongodb,47,4
2017,229,json,mongodb,59,5
2017,197,django,mongodb,58,6
2015,38,javascript,mongodb,84,7
2015,27,django,mongodb,88,8
2015,4,json,mongodb,87,9
2017,8416,javascript,mysql,3,1
2017,6619,java,mysql,1,2
2016,5308,java,mysql,6,3
2017,4509,jquery,mysql,2,4
2016,4376,javascript,mysql,17,5
2017,4327,html,mysql,4,6
2017,4299,c#,mysql,4,7
2016,4137,android,mysql,7,8
2017,3752,android,mysql,14,9
2016,2757,c#,mysql,19,10
2016,2609,html,mysql,13,11
2016,2344,jquery,mysql,10,12
2017,1745,css,mysql,6,13
2017,1547,html5,mysql,6,14
2017,1512,ajax,mysql,5,15
2017,1427,c++,mysql,5,16
2016,1290,html5,mysql,8,17
2016,1232,css,mysql,16,18
2017,1123,asp.net,mysql,7,19
2017,1069,android-studio,mysql,5,20
2016,948,angularjs,mysql,15,21
2017,934,json,mysql,2,22
2017,932,laravel,mysql,3,23
2017,906,angularjs,mysql,19,24
2016,799,ajax,mysql,25,25
2017,748,bootstrap,mysql,11,26
2017,747,laravel-5,mysql,2,27
2017,729,c,mysql,3,28
2017,680,css3,mysql,6,29
2016,662,bootstrap,mysql,14,30
2016,658,json,mysql,5,31
2016,632,android-studio,mysql,33,32
2016,629,asp.net,mysql,35,33
2016,622,c++,mysql,38,34
2017,482,codeigniter,mysql,3,35
2016,481,laravel,mysql,14,36
2016,480,laravel-5,mysql,6,37
2016,452,css3,mysql,16,38
2017,433,.net,mysql,5,39
2016,416,asp.net-mvc,mysql,15,40
2016,416,c,mysql,32,41
2016,411,android-layout,mysql,6,42
2017,399,linux,mysql,2,43
2017,375,asp.net-mvc,mysql,27,44
2016,368,django,mysql,30,45
2017,330,django,mysql,35,46
2017,317,asp.net-mvc-5,mysql,17,47
2016,313,.net,mysql,30,48
2017,311,excel,mysql,4,49
2016,284,linux,mysql,8,50
2016,280,asp.net-mvc-5,mysql,23,51
2016,280,ionic,mysql,5,52
2016,273,google-maps,mysql,4,53
2017,256,apache,mysql,4,54
2016,250,jsp,mysql,1,55
2017,247,ionic,mysql,9,56
2016,227,apache,mysql,9,57
2017,217,google-maps,mysql,10,58
2017,209,git,mysql,4,59
2016,206,codeigniter,mysql,12,60
2017,205,android-layout,mysql,44,61
2016,183,git,mysql,9,62
2016,181,excel,mysql,9,63
2017,176,jsp,mysql,2,64
2015,100,javascript,mysql,72,65
2015,91,java,mysql,72,66
2015,53,c++,mysql,68,67
2015,41,git,mysql,13,68
2015,40,c#,mysql,79,69
2015,38,jquery,mysql,68,70
2015,36,android,mysql,67,71
2015,33,linux,mysql,15,72
2015,28,django,mysql,79,73
2015,24,html,mysql,75,74
2015,19,html5,mysql,73,75
2015,17,json,mysql,68,76
2015,14,.net,mysql,77,77
2015,10,c,mysql,68,78
2015,8,asp.net,mysql,78,79
2015,8,asp.net-mvc-5,mysql,56,80
2015,8,css,mysql,77,81
2015,6,ajax,mysql,82,82
2015,5,asp.net-mvc,mysql,82,83
2015,4,laravel,mysql,68,84
2015,3,laravel-5,mysql,56,85
2015,3,bootstrap,mysql,81,86
2015,3,excel,mysql,19,87
2015,3,angularjs,mysql,88,88
2015,3,css3,mysql,81,89
2015,2,google-maps,mysql,21,90
2015,1,android-layout,mysql,71,91
2017,1666,mysql,mysql-workbench,23,1
2017,5160,javascript,mysqli,11,1
2017,3342,mysql,mysqli,3,2
2017,3000,java,mysqli,36,3
2016,2953,java,mysqli,37,4
2017,2772,jquery,mysqli,6,5
2016,2749,android,mysqli,49,6
2017,2693,html,mysqli,12,7
2017,2587,android,mysqli,53,8
2016,2521,javascript,mysqli,43,9
2017,2187,c#,mysqli,43,10
2016,1651,html,mysqli,31,11
2016,1626,mysql,mysqli,24,12
2016,1578,jquery,mysqli,26,13
2016,1464,c#,mysqli,62,14
2017,1124,css,mysqli,18,15
2017,996,html5,mysqli,15,16
2017,898,ajax,mysqli,19,17
2016,882,html5,mysqli,18,18
2017,765,android-studio,mysqli,19,19
2016,742,css,mysqli,41,20
2017,591,laravel,mysqli,7,21
2017,568,asp.net,mysqli,42,22
2017,558,json,mysqli,8,23
2016,531,ajax,mysqli,49,24
2017,492,c,mysqli,18,25
2017,490,css3,mysqli,15,26
2017,480,laravel-5,mysqli,5,27
2017,436,bootstrap,mysqli,26,28
2016,414,android-studio,mysqli,56,29
2016,401,bootstrap,mysqli,28,30
2016,400,asp.net,mysqli,62,31
2016,387,json,mysqli,30,32
2016,377,laravel-5,mysqli,14,33
2016,366,laravel,mysqli,27,34
2016,325,android-layout,mysqli,25,35
2016,317,css3,mysqli,30,36
2017,148,android-layout,mysqli,54,37
2016,134,c,mysqli,64,38
2015,12,javascript,mysqli,93,39
2015,11,jquery,mysqli,85,40
2015,10,mysql,mysqli,72,41
2015,5,html5,mysqli,89,42
2015,4,html,mysqli,92,43
2015,4,json,mysqli,86,44
2015,2,c#,mysqli,93,45
2015,1,java,mysqli,91,46
2015,1,bootstrap,mysqli,88,47
2015,1,asp.net,mysqli,93,48
2015,1,css3,mysqli,90,49
2015,1,android,mysqli,93,50
2015,1,c,mysqli,89,51
2015,1,laravel,mysqli,75,52
2017,4997,java,netbeans,7,1
2016,3584,java,netbeans,22,2
2017,3552,javascript,netbeans,25,3
2017,2059,mysql,netbeans,16,4
2017,1753,html,netbeans,30,5
2016,1659,javascript,netbeans,57,6
2017,1545,jquery,netbeans,28,7
2017,999,c++,netbeans,20,8
2016,902,mysql,netbeans,45,9
2016,809,html,netbeans,63,10
2016,776,jquery,netbeans,60,11
2017,710,android-studio,netbeans,28,12
2017,654,html5,netbeans,36,13
2017,420,c,netbeans,31,14
2016,415,html5,netbeans,63,15
2016,370,android-studio,netbeans,61,16
2017,360,json,netbeans,32,17
2016,306,c++,netbeans,60,18
2016,291,json,netbeans,45,19
2017,282,mysqli,netbeans,20,20
2016,218,c,netbeans,57,21
2016,142,mysqli,netbeans,32,22
2015,69,java,netbeans,75,23
2015,28,c++,netbeans,78,24
2015,21,javascript,netbeans,90,25
2015,9,html,netbeans,87,26
2015,6,jquery,netbeans,89,27
2015,4,html5,netbeans,90,28
2015,4,c,netbeans,79,29
2015,4,json,netbeans,89,30
2015,2,mysql,netbeans,86,31
2016,270,django,nginx,49,1
2017,237,django,nginx,52,2
2015,27,django,nginx,87,3
2017,5473,javascript,nodejs,7,1
2016,3402,javascript,nodejs,28,2
2017,3169,java,nodejs,32,3
2016,2690,java,nodejs,46,4
2017,2108,jquery,nodejs,14,5
2017,2061,html,nodejs,25,6
2017,1931,mysql,nodejs,18,7
2016,1565,html,nodejs,38,8
2016,1374,jquery,nodejs,37,9
2016,1021,angularjs,nodejs,10,10
2017,954,css,nodejs,24,11
2016,873,mysql,nodejs,47,12
2016,807,html5,nodejs,21,13
2017,790,html5,nodejs,24,14
2016,762,css,nodejs,34,15
2017,718,android-studio,nodejs,26,16
2017,630,angularjs,nodejs,42,17
2017,586,ajax,nodejs,40,18
2017,559,asp.net,nodejs,46,19
2016,458,ajax,nodejs,55,20
2017,441,json,nodejs,20,21
2016,433,asp.net,nodejs,61,22
2016,430,json,nodejs,21,23
2016,419,django,nodejs,22,24
2017,398,css3,nodejs,19,25
2016,367,android-studio,nodejs,62,26
2016,346,bootstrap,nodejs,35,27
2017,320,bootstrap,nodejs,44,28
2016,306,c,nodejs,46,29
2017,299,mysqli,nodejs,16,30
2016,299,asp.net-mvc,nodejs,45,31
2017,292,c,nodejs,48,32
2016,278,css3,nodejs,42,33
2017,273,django,nodejs,45,34
2016,272,ionic,nodejs,7,35
2017,219,linux,nodejs,12,36
2017,217,ionic,nodejs,10,37
2016,186,linux,nodejs,14,38
2017,179,asp.net-mvc,nodejs,62,39
2016,175,mysqli,nodejs,30,40
2015,108,javascript,nodejs,71,41
2015,89,java,nodejs,73,42
2015,26,html,nodejs,73,43
2015,22,jquery,nodejs,75,44
2015,18,json,nodejs,67,45
2015,13,angularjs,nodejs,69,46
2015,12,css,nodejs,73,47
2015,10,asp.net,nodejs,72,48
2015,9,mysql,nodejs,73,49
2015,9,html5,nodejs,83,50
2015,7,ajax,nodejs,78,51
2015,7,c,nodejs,73,52
2015,6,css3,nodejs,72,53
2015,6,linux,nodejs,21,54
2015,2,bootstrap,nodejs,83,55
2015,1,asp.net-mvc,nodejs,90,56
2017,325,nodejs,npm,16,1
2016,199,nodejs,npm,25,2
2015,9,nodejs,npm,41,3
2017,368,laravel,oauth,26,1
2017,319,laravel-5,oauth,21,2
2016,213,laravel,oauth,57,3
2016,193,laravel-5,oauth,50,4
2016,266,ios,objective-c,8,1
2017,168,ios,objective-c,12,2
2015,35,ios,objective-c,18,3
2017,278,laravel,odbc,41,1
2017,230,laravel-5,odbc,38,2
2016,211,laravel,odbc,58,3
2016,193,laravel-5,odbc,49,4
2017,3226,java,oracle,28,1
2017,3060,javascript,oracle,34,2
2016,2756,java,oracle,43,3
2017,2289,mysql,oracle,10,4
2017,2254,c#,oracle,39,5
2016,2057,javascript,oracle,54,6
2016,2039,c#,oracle,46,7
2017,1636,jquery,oracle,25,8
2017,1528,html,oracle,39,9
2016,1015,html,oracle,62,10
2016,965,jquery,oracle,55,11
2016,898,mysql,oracle,46,12
2017,547,html5,oracle,54,13
2016,532,html5,oracle,57,14
2017,512,asp.net,oracle,53,15
2016,497,asp.net,oracle,55,16
2017,412,json,oracle,24,17
2016,339,json,oracle,37,18
2016,322,asp.net-mvc,oracle,38,19
2017,313,mysqli,oracle,14,20
2016,277,.net,oracle,43,21
2017,227,.net,oracle,62,22
2017,161,asp.net-mvc,oracle,64,23
2016,122,mysqli,oracle,36,24
2015,57,java,oracle,77,25
2015,50,javascript,oracle,80,26
2015,27,c#,oracle,83,27
2015,14,jquery,oracle,81,28
2015,12,html,oracle,83,29
2015,11,mysql,oracle,70,30
2015,10,.net,oracle,84,31
2015,8,html5,oracle,84,32
2015,6,asp.net,oracle,84,33
2015,5,asp.net-mvc,oracle,83,34
2015,5,json,oracle,84,35
2017,1333,mysql,oracle-11g,29,1
2016,520,mysql,oracle-11g,59,2
2017,260,oracle,oracle-11g,6,3
2016,167,oracle,oracle-11g,11,4
2015,13,oracle,oracle-11g,14,5
2015,2,mysql,oracle-11g,85,6
2017,421,laravel,orm,20,1
2017,346,laravel-5,orm,17,2
2016,248,laravel,orm,49,3
2016,219,laravel-5,orm,44,4
2017,3829,javascript,pdf,22,1
2016,2495,java,pdf,51,2
2017,2483,java,pdf,52,3
2016,2295,javascript,pdf,47,4
2017,1973,jquery,pdf,18,5
2017,1894,mysql,pdf,20,6
2017,1850,html,pdf,27,7
2017,1791,c#,pdf,54,8
2016,1639,c#,pdf,59,9
2016,1156,html,pdf,56,10
2016,1098,jquery,pdf,51,11
2016,744,mysql,pdf,48,12
2017,738,css,pdf,43,13
2017,638,html5,pdf,39,14
2016,594,html5,pdf,47,15
2016,500,css,pdf,63,16
2017,484,laravel,pdf,13,17
2017,401,laravel-5,pdf,11,18
2017,394,json,pdf,28,19
2017,314,bootstrap,pdf,47,20
2016,299,json,pdf,43,21
2017,297,css3,pdf,36,22
2017,290,mysqli,pdf,17,23
2017,274,django,pdf,44,24
2016,266,bootstrap,pdf,57,25
2017,258,nodejs,pdf,21,26
2016,239,nodejs,pdf,22,27
2016,189,css3,pdf,63,28
2016,129,django,pdf,64,29
2016,129,mysqli,pdf,35,30
2016,38,laravel-5,pdf,54,31
2016,33,laravel,pdf,62,32
2015,30,javascript,pdf,86,33
2015,27,django,pdf,86,34
2015,14,jquery,pdf,82,35
2015,8,mysql,pdf,75,36
2015,8,c#,pdf,92,37
2015,5,html,pdf,90,38
2015,5,html5,pdf,88,39
2015,5,json,pdf,83,40
2015,4,nodejs,pdf,43,41
2015,2,java,pdf,90,42
2015,1,css,pdf,93,43
2017,10159,javascript,php,2,1
2017,5967,java,php,3,2
2017,5734,mysql,php,1,3
2016,5286,javascript,php,10,4
2017,5173,jquery,php,1,5
2017,5050,html,php,2,6
2016,4806,java,php,10,7
2016,4149,android,php,6,8
2017,4068,android,php,8,9
2017,3919,c#,php,8,10
2016,3139,html,php,10,11
2016,2868,jquery,php,5,12
2016,2800,mysql,php,6,13
2016,2459,c#,php,31,14
2017,1928,css,php,4,15
2017,1860,ajax,php,2,16
2017,1746,html5,php,4,17
2017,1546,c++,php,1,18
2016,1509,html5,php,7,19
2016,1449,css,php,12,20
2017,1222,laravel,php,1,21
2016,1171,angularjs,php,4,22
2017,1119,android-studio,php,2,23
2017,1111,asp.net,php,8,24
2017,1102,json,php,1,25
2017,1078,angularjs,php,5,26
2016,1001,ajax,php,14,27
2017,946,mysqli,php,1,28
2017,935,laravel-5,php,1,29
2017,826,bootstrap,php,7,30
2017,789,css3,php,5,31
2016,788,bootstrap,php,8,32
2016,787,json,php,3,33
2017,755,c,php,2,34
2017,702,nodejs,php,1,35
2016,698,laravel,php,5,36
2016,678,mysqli,php,2,37
2016,645,c++,php,35,38
2016,638,laravel-5,php,3,39
2016,631,android-studio,php,34,40
2017,614,codeigniter,php,1,41
2016,585,asp.net,php,39,42
2016,534,css3,php,13,43
2016,529,nodejs,php,3,44
2016,455,c,php,25,45
2016,426,android-layout,php,4,46
2016,420,django,php,20,47
2017,412,.net,php,9,48
2017,405,linux,php,1,49
2016,384,asp.net-mvc,php,24,50
2017,368,oracle,php,2,51
2017,349,asp.net-mvc,php,34,52
2016,345,linux,php,4,53
2017,326,asp.net-mvc-5,php,14,54
2016,320,.net,php,28,55
2017,316,django,php,38,56
2016,311,codeigniter,php,8,57
2016,303,ionic,php,3,58
2017,300,apache,php,1,59
2017,286,android-layout,php,34,60
2016,281,apache,php,2,61
2017,257,ionic,php,8,62
2016,244,asp.net-mvc-5,php,35,63
2016,219,oracle,php,8,64
2015,159,javascript,php,67,65
2015,71,java,php,74,66
2015,58,jquery,php,66,67
2015,51,c#,php,76,68
2015,29,html,php,71,69
2015,29,django,php,78,70
2015,27,linux,php,17,71
2015,25,android,php,77,72
2015,24,json,php,65,73
2015,23,html5,php,70,74
2015,22,mysql,php,65,75
2015,17,asp.net,php,69,76
2015,16,c++,php,84,77
2015,16,.net,php,71,78
2015,14,nodejs,php,34,79
2015,13,laravel,php,64,80
2015,13,ajax,php,69,81
2015,12,laravel-5,php,55,82
2015,12,asp.net-mvc-5,php,47,83
2015,10,angularjs,php,74,84
2015,9,css,php,75,85
2015,8,oracle,php,15,86
2015,8,mysqli,php,37,87
2015,6,asp.net-mvc,php,75,88
2015,5,css3,php,76,89
2015,4,bootstrap,php,76,90
2015,3,c,php,82,91
2015,2,codeigniter,php,19,92
2015,1,android-layout,php,70,93
2017,4043,php,php5,14,1
2017,1732,mysql,php5,22,2
2017,444,laravel,php5,16,3
2016,113,php,php5,64,4
2016,28,mysql,php5,64,5
2016,5,laravel,php5,66,6
2017,3129,php,phpexcel,18,1
2016,301,php,phpexcel,61,2
2017,3246,php,phpmailer,16,1
2016,262,php,phpmailer,63,2
2017,6261,php,phpmyadmin,2,1
2017,3896,javascript,phpmyadmin,20,2
2017,3210,mysql,phpmyadmin,4,3
2017,3182,java,phpmyadmin,31,4
2016,2383,php,phpmyadmin,28,5
2017,2302,jquery,phpmyadmin,11,6
2017,2200,html,phpmyadmin,22,7
2016,2041,java,phpmyadmin,61,8
2016,1440,javascript,phpmyadmin,60,9
2016,1122,mysql,phpmyadmin,36,10
2016,1020,html,phpmyadmin,61,11
2016,896,jquery,phpmyadmin,57,12
2017,759,css,phpmyadmin,37,13
2017,734,ajax,phpmyadmin,30,14
2017,734,android-studio,phpmyadmin,22,15
2017,710,html5,phpmyadmin,33,16
2017,567,mysqli,phpmyadmin,4,17
2016,526,css,phpmyadmin,61,18
2016,508,html5,phpmyadmin,58,19
2017,463,json,phpmyadmin,15,20
2017,328,bootstrap,phpmyadmin,40,21
2017,311,css3,phpmyadmin,31,22
2016,300,mysqli,phpmyadmin,15,23
2016,296,laravel-5,phpmyadmin,24,24
2016,296,laravel,phpmyadmin,32,25
2016,290,ajax,phpmyadmin,64,26
2016,288,android-studio,phpmyadmin,64,27
2017,283,laravel,phpmyadmin,38,28
2016,243,bootstrap,phpmyadmin,64,29
2017,226,laravel-5,phpmyadmin,40,30
2016,207,css3,phpmyadmin,60,31
2016,195,json,phpmyadmin,62,32
2015,15,mysql,phpmyadmin,69,33
2015,14,javascript,phpmyadmin,92,34
2015,12,java,phpmyadmin,88,35
2015,11,jquery,phpmyadmin,84,36
2015,6,php,phpmyadmin,78,37
2015,6,mysqli,phpmyadmin,39,38
2015,5,html5,phpmyadmin,87,39
2015,4,html,phpmyadmin,91,40
2015,4,json,phpmyadmin,88,41
2015,1,bootstrap,phpmyadmin,92,42
2015,1,css3,phpmyadmin,91,43
2017,1138,c++,pilas,14,1
2016,20,c++,pilas,82,2
2016,276,django,pip,43,1
2017,161,django,pip,61,2
2015,28,django,pip,80,3
2017,1218,mysql,plsql,34,1
2016,521,mysql,plsql,58,2
2017,271,oracle,plsql,4,3
2016,142,oracle,plsql,12,4
2017,3280,javascript,post,31,1
2017,3173,php,post,17,2
2016,2352,javascript,post,46,3
2016,2042,php,post,38,4
2017,1518,jquery,post,31,5
2017,1508,html,post,40,6
2017,1458,mysql,post,27,7
2016,1320,html,post,48,8
2016,1207,jquery,post,45,9
2017,991,c++,post,21,10
2016,783,angularjs,post,29,11
2016,704,mysql,post,50,12
2016,678,html5,post,35,13
2016,653,css,post,46,14
2017,633,css,post,50,15
2017,551,html5,post,53,16
2017,376,laravel,post,24,17
2017,346,json,post,35,18
2017,339,angularjs,post,54,19
2016,326,json,post,41,20
2017,286,laravel-5,post,26,21
2017,285,nodejs,post,20,22
2017,254,mysqli,post,23,23
2016,250,css3,post,48,24
2017,245,css3,post,50,25
2016,241,laravel,post,51,26
2016,236,nodejs,post,23,27
2016,223,laravel-5,post,42,28
2016,218,c++,post,61,29
2016,180,mysqli,post,27,30
2015,69,javascript,post,74,31
2015,20,jquery,post,77,32
2015,14,c++,post,85,33
2015,14,json,post,73,34
2015,13,html,post,82,35
2015,12,html5,post,78,36
2015,10,angularjs,post,76,37
2015,9,nodejs,post,40,38
2015,8,php,post,73,39
2015,4,mysql,post,83,40
2015,4,css,post,82,41
2015,3,css3,post,78,42
2017,4099,php,postgresql,13,1
2017,3620,javascript,postgresql,23,2
2017,3595,java,postgresql,21,3
2016,2782,java,postgresql,42,4
2016,2672,javascript,postgresql,39,5
2016,2275,php,postgresql,29,6
2017,2216,c#,postgresql,40,7
2017,2184,mysql,postgresql,13,8
2016,1825,c#,postgresql,53,9
2017,1731,jquery,postgresql,23,10
2017,1587,html,postgresql,35,11
2016,1471,html,postgresql,42,12
2016,1407,jquery,postgresql,34,13
2016,1171,mysql,postgresql,35,14
2016,776,html5,postgresql,27,15
2016,753,angularjs,postgresql,32,16
2016,739,css,postgresql,42,17
2017,621,css,postgresql,53,18
2017,573,html5,postgresql,50,19
2017,544,ajax,postgresql,48,20
2017,518,laravel,postgresql,9,21
2017,471,json,postgresql,13,22
2016,448,ajax,postgresql,56,23
2017,445,laravel-5,postgresql,8,24
2016,400,django,postgresql,24,25
2017,364,nodejs,postgresql,7,26
2016,358,bootstrap,postgresql,33,27
2016,348,json,postgresql,34,28
2016,309,laravel,postgresql,30,29
2016,295,laravel-5,postgresql,25,30
2017,284,mysqli,postgresql,19,31
2016,284,asp.net-mvc,postgresql,48,32
2016,278,css3,postgresql,43,33
2017,274,angularjs,postgresql,62,34
2017,248,bootstrap,postgresql,62,35
2017,244,oracle,postgresql,7,36
2017,235,.net,postgresql,57,37
2017,231,css3,postgresql,54,38
2016,230,.net,postgresql,60,39
2017,227,django,postgresql,53,40
2016,225,nodejs,postgresql,24,41
2016,207,mysqli,postgresql,26,42
2017,196,asp.net-mvc,postgresql,61,43
2016,171,oracle,postgresql,10,44
2015,48,javascript,postgresql,82,45
2015,39,django,postgresql,68,46
2015,17,c#,postgresql,88,47
2015,16,jquery,postgresql,79,48
2015,15,html,postgresql,81,49
2015,12,html5,postgresql,79,50
2015,12,java,postgresql,87,51
2015,8,php,postgresql,74,52
2015,7,mysql,postgresql,77,53
2015,6,angularjs,postgresql,82,54
2015,5,json,postgresql,85,55
2015,3,nodejs,postgresql,44,56
2015,2,css3,postgresql,84,57
2015,2,css,postgresql,92,58
2015,2,bootstrap,postgresql,86,59
2015,1,ajax,postgresql,91,60
2015,1,oracle,postgresql,17,61
2017,400,laravel,postgresql-9.3,22,1
2017,345,laravel-5,postgresql-9.3,18,2
2016,232,laravel-5,postgresql-9.3,36,3
2016,228,laravel,postgresql-9.3,52,4
2017,314,jsf,primefaces,1,1
2016,192,jsf,primefaces,2,2
2015,3,jsf,primefaces,3,3
2017,5055,javascript,python,12,1
2017,4869,php,python,6,2
2017,3636,java,python,19,3
2016,3537,java,python,23,4
2016,3117,javascript,python,32,5
2016,2890,android,python,44,6
2016,2624,php,python,22,7
2017,2357,android,python,60,8
2017,2321,mysql,python,9,9
2017,2283,html,python,16,10
2017,2147,jquery,python,13,11
2017,2044,c#,python,45,12
2016,1854,c#,python,52,13
2016,1630,html,python,34,14
2016,1518,jquery,python,30,15
2017,1398,c++,python,6,16
2016,1248,mysql,python,32,17
2017,895,css,python,27,18
2016,895,django,python,1,19
2016,802,html5,python,22,20
2017,771,html5,python,29,21
2016,759,css,python,36,22
2017,729,django,python,2,23
2017,728,android-studio,python,24,24
2017,685,c,python,5,25
2017,649,ajax,python,34,26
2016,608,angularjs,python,44,27
2016,551,c++,python,41,28
2016,527,ajax,python,50,29
2017,497,json,python,11,30
2017,462,laravel,python,15,31
2016,442,json,python,19,32
2016,437,android-studio,python,53,33
2017,424,nodejs,python,4,34
2016,397,c,python,34,35
2016,388,bootstrap,python,29,36
2016,376,nodejs,python,5,37
2017,370,mysqli,python,7,38
2017,356,laravel-5,python,15,39
2017,348,css3,python,25,40
2017,337,angularjs,python,55,41
2016,317,android-layout,python,28,42
2017,311,linux,python,6,43
2017,306,bootstrap,python,50,44
2016,280,laravel,python,40,45
2016,280,css3,python,41,46
2016,268,laravel-5,python,29,47
2016,241,.net,python,55,48
2016,230,mysqli,python,24,49
2016,230,linux,python,11,50
2017,223,.net,python,63,51
2016,207,postgresql,python,5,52
2017,198,postgresql,python,6,53
2015,141,javascript,python,68,54
2015,121,java,python,66,55
2017,112,android-layout,python,62,56
2015,64,c++,python,65,57
2015,54,c#,python,74,58
2015,48,django,python,65,59
2015,40,html,python,69,60
2015,39,jquery,python,67,61
2015,33,android,python,71,62
2015,31,linux,python,16,63
2015,26,html5,python,68,64
2015,25,php,python,65,65
2015,23,nodejs,python,33,66
2015,21,mysql,python,67,67
2015,19,json,python,66,68
2015,16,css,python,72,69
2015,11,.net,python,82,70
2015,11,c,python,67,71
2015,9,ajax,python,74,72
2015,8,postgresql,python,8,73
2015,8,angularjs,python,81,74
2015,6,css3,python,71,75
2015,5,bootstrap,python,75,76
2015,4,laravel,python,67,77
2015,3,laravel-5,python,57,78
2015,1,android-layout,python,69,79
2015,1,android-studio,python,73,80
2017,1747,python,python-2.7,2,1
2016,1125,python,python-2.7,7,2
2017,1072,c++,python-2.7,19,3
2016,507,django,python-2.7,9,4
2017,458,c,python-2.7,24,5
2017,423,django,python-2.7,18,6
2016,245,json,python-2.7,55,7
2017,193,json,python-2.7,63,8
2016,180,c++,python-2.7,63,9
2016,144,c,python-2.7,63,10
2015,132,python,python-2.7,55,11
2015,32,django,python-2.7,73,12
2015,24,c++,python-2.7,81,13
2015,12,json,python-2.7,75,14
2015,1,c,python-2.7,90,15
2017,1072,python,python-2.x,11,1
2016,404,python,python-2.x,40,2
2017,3388,javascript,python-3.x,29,1
2017,2157,php,python-3.x,34,2
2017,1975,python,python-3.x,1,3
2016,1431,javascript,python-3.x,61,4
2017,1378,jquery,python-3.x,36,5
2016,1187,python,python-3.x,6,6
2016,1143,php,python-3.x,50,7
2017,1043,mysql,python-3.x,40,8
2016,682,jquery,python-3.x,63,9
2016,679,mysql,python-3.x,55,10
2016,572,django,python-3.x,5,11
2017,539,html5,python-3.x,56,12
2017,478,django,python-3.x,11,13
2016,427,html5,python-3.x,61,14
2017,360,c,python-3.x,40,15
2017,314,python-2.7,python-3.x,1,16
2017,272,json,python-3.x,51,17
2016,244,json,python-3.x,56,18
2016,233,c,python-3.x,56,19
2016,208,python-2.7,python-3.x,2,20
2015,108,python,python-3.x,56,21
2015,37,django,python-3.x,70,22
2015,22,javascript,python-3.x,88,23
2015,16,python-2.7,python-3.x,3,24
2015,8,jquery,python-3.x,86,25
2015,6,mysql,python-3.x,80,26
2015,6,php,python-3.x,77,27
2015,5,html5,python-3.x,86,28
2015,3,json,python-3.x,90,29
2015,2,c,python-3.x,88,30
2017,1082,c++,qt,17,1
2017,873,python,qt,16,2
2016,632,c++,qt,36,3
2017,374,c,qt,38,4
2016,285,c,qt,50,5
2016,212,python,qt,52,6
2015,19,c++,qt,83,7
2015,2,c,qt,87,8
2015,1,python,qt,75,9
2017,570,python,qt-creator,30,1
2016,43,python,qt-creator,64,2
2017,4448,php,query,8,1
2017,2483,mysql,query,7,2
2017,415,json,query,23,3
2016,401,php,query,60,4
2016,108,mysql,query,62,5
2016,44,json,query,64,6
2017,529,python,r,32,1
2016,200,python,r,53,2
2015,5,python,r,72,3
2017,629,python,radiobutton,27,1
2017,758,python,random,20,1
2016,3,python,random,74,2
2017,776,python,raspberry-pi,18,1
2017,2011,c#,razor,48,1
2016,1696,c#,razor,57,2
2016,991,jquery,razor,54,3
2017,933,jquery,razor,56,4
2017,591,asp.net,razor,38,5
2016,451,asp.net,razor,59,6
2016,390,asp.net-mvc,razor,22,7
2017,359,asp.net-mvc,razor,31,8
2017,313,asp.net-mvc-5,razor,18,9
2016,291,asp.net-mvc-5,razor,22,10
2015,24,c#,razor,85,11
2015,11,jquery,razor,83,12
2015,10,asp.net-mvc-5,razor,49,13
2015,7,asp.net-mvc,razor,70,14
2015,3,asp.net,razor,92,15
2017,303,nodejs,reactjs,18,1
2016,158,nodejs,reactjs,29,2
2016,289,android-layout,realm,33,1
2017,146,android-layout,realm,55,2
2017,5360,javascript,regex,8,1
2017,4641,php,regex,7,2
2017,4066,java,regex,16,3
2016,2626,javascript,regex,40,4
2017,2414,mysql,regex,8,5
2017,2390,jquery,regex,9,6
2016,2274,php,regex,30,7
2017,2251,html,regex,19,8
2016,2204,java,regex,59,9
2017,2002,c#,regex,49,10
2016,1418,c#,regex,63,11
2016,1394,jquery,regex,35,12
2016,1369,html,regex,47,13
2017,1189,c++,regex,13,14
2017,1115,python,regex,8,15
2016,1054,mysql,regex,39,16
2017,923,css,regex,25,17
2017,810,html5,regex,20,18
2016,723,html5,regex,32,19
2016,644,css,regex,48,20
2017,616,ajax,regex,36,21
2017,518,c,regex,16,22
2017,482,json,regex,12,23
2016,473,python,regex,38,24
2016,465,ajax,regex,54,25
2017,373,nodejs,regex,6,26
2016,359,bootstrap,regex,32,27
2017,359,css3,regex,24,28
2017,342,bootstrap,regex,37,29
2017,331,mysqli,regex,12,30
2016,319,c++,regex,59,31
2017,299,python-3.x,regex,3,32
2016,288,json,regex,50,33
2016,276,asp.net-mvc,regex,49,34
2017,266,laravel,regex,45,35
2016,265,laravel-5,regex,30,36
2016,255,laravel,regex,48,37
2016,251,css3,regex,47,38
2017,220,asp.net-mvc,regex,56,39
2016,216,mysqli,regex,25,40
2017,189,laravel-5,regex,52,41
2016,184,c,regex,62,42
2016,152,nodejs,regex,30,43
2016,120,python-3.x,regex,8,44
2015,115,javascript,regex,69,45
2015,95,java,regex,71,46
2015,49,c#,regex,77,47
2015,37,c++,regex,74,48
2015,25,jquery,regex,73,49
2015,24,python,regex,65,50
2015,22,php,regex,66,51
2015,15,html,regex,79,52
2015,13,nodejs,regex,35,53
2015,13,json,regex,74,54
2015,11,html5,regex,81,55
2015,7,ajax,regex,79,56
2015,7,css,regex,78,57
2015,6,asp.net-mvc,regex,74,58
2015,5,mysql,regex,82,59
2015,4,c,regex,80,60
2015,2,css3,regex,85,61
2015,2,laravel,regex,71,62
2015,2,bootstrap,regex,87,63
2015,2,laravel-5,regex,60,64
2015,1,python-3.x,regex,11,65
2017,2783,java,rest,41,1
2016,2589,java,rest,49,2
2017,2568,javascript,rest,41,3
2017,2544,php,rest,25,4
2016,2156,javascript,rest,50,5
2016,1555,php,rest,44,6
2017,1303,mysql,rest,31,7
2017,1224,jquery,rest,44,8
2017,1207,html,rest,53,9
2016,1096,html,rest,59,10
2016,1069,jquery,rest,52,11
2016,783,angularjs,rest,30,12
2016,693,mysql,rest,54,13
2016,579,html5,rest,48,14
2017,435,html5,rest,60,15
2017,345,nodejs,rest,11,16
2017,339,json,rest,38,17
2016,326,json,rest,40,18
2017,268,angularjs,rest,63,19
2016,188,nodejs,rest,26,20
2017,2050,php,ruby-on-rails,37,1
2016,1504,php,ruby-on-rails,47,2
2017,1027,mysql,ruby-on-rails,41,3
2016,700,mysql,ruby-on-rails,53,4
2017,441,ruby,ruby-on-rails,1,5
2016,357,python,ruby-on-rails,44,6
2017,314,python,ruby-on-rails,48,7
2016,259,django,ruby-on-rails,50,8
2016,233,ruby,ruby-on-rails,2,9
2017,220,django,ruby-on-rails,54,10
2015,5,ruby,ruby-on-rails,3,11
2015,4,python,ruby-on-rails,73,12
2015,1,mysql,ruby-on-rails,87,13
2017,319,ruby-on-rails,rubygems,1,1
2016,160,ruby-on-rails,rubygems,2,2
2017,502,python,scipy,33,1
2016,368,python,scipy,43,2
2017,687,python,scrapy,23,1
2016,241,python,scrapy,51,2
2017,2508,php,select2,26,1
2017,1224,mysql,select2,33,2
2016,1130,php,select2,51,3
2016,362,mysql,select2,61,4
2015,2,php,select2,82,5
2017,727,python,selenium,22,1
2016,101,python,selenium,57,2
2017,2187,php,seo,33,1
2016,1413,php,seo,48,2
2015,2,php,seo,84,3
2016,2414,java,servlets,56,1
2017,2141,java,servlets,60,2
2015,52,java,servlets,80,3
2016,297,android-layout,sharedpreferences,31,1
2017,155,android-layout,sharedpreferences,51,2
2017,851,python,shell,17,1
2016,485,python,shell,35,2
2016,291,django,shell,40,3
2017,146,django,shell,63,4
2015,100,python,shell,58,5
2015,28,django,shell,82,6
2017,3157,java,spring,33,1
2016,2001,java,spring,62,2
2017,1678,php,spring,42,3
2016,952,php,spring,55,4
2015,47,java,spring,82,5
2017,8818,php,sql,1,1
2017,7509,javascript,sql,4,2
2017,5797,java,sql,4,3
2016,4965,java,sql,8,4
2017,4483,mysql,sql,2,5
2017,4451,c#,sql,3,6
2016,4205,php,sql,11,7
2016,3999,javascript,sql,19,8
2017,3955,jquery,sql,3,9
2017,3677,html,sql,6,10
2016,3663,android,sql,19,11
2017,3169,android,sql,30,12
2016,3043,c#,sql,16,13
2016,2277,mysql,sql,11,14
2016,2273,html,sql,17,15
2016,2042,jquery,sql,16,16
2017,1492,python,sql,3,17
2017,1458,css,sql,11,18
2017,1340,c++,sql,7,19
2017,1266,html5,sql,9,20
2017,1246,ajax,sql,7,21
2017,1187,asp.net,sql,5,22
2016,1157,html5,sql,13,23
2016,1006,css,sql,22,24
2017,916,android-studio,sql,10,25
2016,903,angularjs,sql,20,26
2017,792,laravel,sql,4,27
2017,767,json,sql,4,28
2016,749,asp.net,sql,23,29
2016,734,python,sql,21,30
2016,699,ajax,sql,32,31
2017,659,mysqli,sql,3,32
2017,649,angularjs,sql,40,33
2017,639,bootstrap,sql,15,34
2017,619,c,sql,10,35
2017,604,laravel-5,sql,4,36
2017,576,css3,sql,10,37
2016,563,json,sql,7,38
2016,554,bootstrap,sql,18,39
2017,535,nodejs,sql,2,40
2016,531,android-studio,sql,41,41
2016,519,c++,sql,44,42
2017,499,phpmyadmin,sql,1,43
2017,479,oracle,sql,1,44
2016,447,asp.net-mvc,sql,11,45
2017,425,.net,sql,7,46
2016,424,laravel,sql,18,47
2017,416,postgresql,sql,1,48
2016,400,laravel-5,sql,12,49
2016,390,css3,sql,21,50
2017,390,django,sql,25,51
2017,390,asp.net-mvc,sql,23,52
2016,387,mysqli,sql,6,53
2016,379,c,sql,37,54
2016,360,nodejs,sql,8,55
2017,352,linux,sql,3,56
2017,336,asp.net-mvc-5,sql,10,57
2016,334,.net,sql,25,58
2016,320,django,sql,37,59
2016,295,asp.net-mvc-5,sql,20,60
2016,290,postgresql,sql,2,61
2016,269,oracle,sql,5,62
2016,245,linux,sql,9,63
2016,132,phpmyadmin,sql,2,64
2015,102,java,sql,70,65
2015,97,python,sql,59,66
2015,93,javascript,sql,73,67
2015,55,c#,sql,71,68
2015,39,django,sql,67,69
2015,38,mysql,sql,63,70
2015,35,jquery,sql,69,71
2015,28,c++,sql,79,72
2015,28,android,sql,76,73
2015,25,html,sql,74,74
2015,24,linux,sql,18,75
2015,22,oracle,sql,13,76
2015,20,php,sql,67,77
2015,20,html5,sql,72,78
2015,15,json,sql,71,79
2015,15,.net,sql,75,80
2015,13,postgresql,sql,7,81
2015,12,nodejs,sql,36,82
2015,8,asp.net-mvc-5,sql,57,83
2015,8,asp.net,sql,79,84
2015,6,ajax,sql,83,85
2015,6,c,sql,74,86
2015,6,mysqli,sql,38,87
2015,6,css,sql,80,88
2015,5,asp.net-mvc,sql,84,89
2015,4,bootstrap,sql,77,90
2015,4,phpmyadmin,sql,3,91
2015,3,css3,sql,83,92
2015,2,angularjs,sql,89,93
2017,5410,php,sql-server,3,1
2017,5312,javascript,sql-server,9,2
2017,4514,java,sql-server,12,3
2017,4455,c#,sql-server,2,4
2016,3904,java,sql-server,18,5
2016,3365,javascript,sql-server,30,6
2016,3082,android,sql-server,33,7
2016,2969,php,sql-server,19,8
2016,2898,c#,sql-server,18,9
2017,2872,android,sql-server,45,10
2017,2813,mysql,sql-server,5,11
2017,2620,jquery,sql-server,7,12
2017,2510,sql,sql-server,1,13
2017,2397,html,sql-server,15,14
2016,1775,html,sql-server,29,15
2016,1713,jquery,sql-server,24,16
2016,1545,mysql,sql-server,26,17
2016,1484,sql,sql-server,3,18
2017,1245,asp.net,sql-server,3,19
2017,1107,python,sql-server,9,20
2017,987,css,sql-server,23,21
2016,949,html5,sql-server,16,22
2017,901,html5,sql-server,17,23
2017,847,ajax,sql-server,21,24
2017,829,android-studio,sql-server,16,25
2016,791,css,sql-server,31,26
2016,791,angularjs,sql-server,28,27
2016,723,asp.net,sql-server,26,28
2017,577,json,sql-server,6,29
2017,561,laravel,sql-server,8,30
2016,555,ajax,sql-server,44,31
2017,527,angularjs,sql-server,49,32
2016,466,bootstrap,sql-server,25,33
2016,465,json,sql-server,14,34
2016,463,android-studio,sql-server,48,35
2017,462,laravel-5,sql-server,7,36
2017,435,bootstrap,sql-server,27,37
2017,422,.net,sql-server,8,38
2017,414,asp.net-mvc,sql-server,16,39
2017,404,mysqli,sql-server,5,40
2017,384,css3,sql-server,22,41
2016,377,asp.net-mvc,sql-server,26,42
2017,370,asp.net-mvc-5,sql-server,7,43
2017,353,regex,sql-server,1,44
2016,350,.net,sql-server,17,45
2017,342,nodejs,sql-server,12,46
2016,333,python,sql-server,47,47
2016,331,android-layout,sql-server,23,48
2017,316,oracle,sql-server,3,49
2016,308,css3,sql-server,32,50
2016,291,nodejs,sql-server,19,51
2016,275,laravel,sql-server,42,52
2016,263,mysqli,sql-server,22,53
2016,259,asp.net-mvc-5,sql-server,28,54
2016,258,laravel-5,sql-server,32,55
2017,243,postgresql,sql-server,3,56
2017,216,android-layout,sql-server,42,57
2016,215,postgresql,sql-server,4,58
2016,204,oracle,sql-server,9,59
2016,145,regex,sql-server,5,60
2015,55,c#,sql-server,73,61
2015,48,java,sql-server,81,62
2015,38,javascript,sql-server,85,63
2015,26,sql,sql-server,64,64
2015,21,mysql,sql-server,66,65
2015,18,android,sql-server,84,66
2015,15,jquery,sql-server,80,67
2015,11,nodejs,sql-server,37,68
2015,11,json,sql-server,76,69
2015,10,python,sql-server,69,70
2015,10,html5,sql-server,82,71
2015,10,php,sql-server,69,72
2015,10,html,sql-server,86,73
2015,9,asp.net-mvc-5,sql-server,52,74
2015,8,.net,sql-server,85,75
2015,5,asp.net,sql-server,86,76
2015,4,mysqli,sql-server,41,77
2015,4,css3,sql-server,77,78
2015,4,css,sql-server,86,79
2015,4,oracle,sql-server,16,80
2015,4,angularjs,sql-server,86,81
2015,3,bootstrap,sql-server,80,82
2015,2,ajax,sql-server,89,83
2015,2,postgresql,sql-server,9,84
2015,2,regex,sql-server,11,85
2015,1,asp.net-mvc,sql-server,85,86
2015,1,android-layout,sql-server,68,87
2017,441,sql,sql-server-2005,36,1
2017,378,sql-server,sql-server-2005,25,2
2016,307,sql,sql-server-2005,48,3
2016,201,sql-server,sql-server-2005,42,4
2017,1271,sql,sql-server-2008,7,1
2017,948,sql-server,sql-server-2008,3,2
2016,401,sql,sql-server-2008,40,3
2016,336,sql-server,sql-server-2008,27,4
2017,500,sql,sql-server-2008-r2,33,1
2016,335,sql,sql-server-2008-r2,45,2
2017,288,sql-server,sql-server-2008-r2,33,3
2016,276,sql-server,sql-server-2008-r2,34,4
2017,1072,sql,sql-server-2012,11,1
2017,719,sql-server,sql-server-2012,8,2
2016,305,sql,sql-server-2012,49,3
2016,232,sql-server,sql-server-2012,38,4
2017,683,sql,sql-server-2014,23,1
2017,541,sql-server,sql-server-2014,18,2
2016,7,sql,sql-server-2014,71,3
2016,4,sql-server,sql-server-2014,53,4
2017,772,python,sqlalchemy,19,1
2016,64,python,sqlalchemy,62,2
2017,429,sql,sqldeveloper,37,1
2016,191,sql,sqldeveloper,59,2
2016,3376,android,sqlite,24,1
2017,3183,java,sqlite,30,2
2017,3105,android,sqlite,32,3
2016,2784,java,sqlite,40,4
2017,2697,php,sqlite,20,5
2017,2517,javascript,sqlite,44,6
2016,1571,javascript,sqlite,59,7
2017,1446,mysql,sqlite,28,8
2016,1042,php,sqlite,54,9
2017,863,android-studio,sqlite,15,10
2017,731,sql,sqlite,19,11
2016,549,mysql,sqlite,57,12
2016,477,android-studio,sqlite,47,13
2016,373,android-layout,sqlite,13,14
2017,341,json,sqlite,36,15
2016,330,sql,sqlite,47,16
2017,302,sql-server,sqlite,32,17
2016,288,json,sqlite,49,18
2016,259,sql-server,sqlite,35,19
2017,233,android-layout,sqlite,40,20
2015,64,java,sqlite,76,21
2015,40,javascript,sqlite,83,22
2015,20,android,sqlite,82,23
2015,11,sql,sqlite,69,24
2015,7,mysql,sqlite,78,25
2015,7,sql-server,sqlite,50,26
2015,6,json,sqlite,82,27
2015,6,php,sqlite,76,28
2015,1,android-layout,sqlite,67,29
2017,641,python,ssh,26,1
2017,955,c++,struct,24,1
2016,325,c++,struct,58,2
2016,292,laravel,sublimetext3,33,1
2017,289,laravel,sublimetext3,35,2
2016,276,laravel-5,sublimetext3,27,3
2017,226,laravel-5,sublimetext3,39,4
2017,244,css3,svg,52,1
2016,227,css3,svg,55,2
2016,398,ios,swift,3,1
2017,301,sql,swift,50,2
2016,260,sql,swift,54,3
2017,243,ios,swift,10,4
2015,34,ios,swift,19,5
2015,2,sql,swift,80,6
2016,431,swift,swift2,1,1
2016,403,ios,swift2,2,2
2017,49,ios,swift2,16,3
2017,44,swift,swift2,6,4
2015,28,ios,swift2,20,5
2015,17,swift,swift2,8,6
2016,325,swift,swift3,3,1
2016,268,ios,swift3,7,2
2017,213,ios,swift3,11,3
2017,118,swift,swift3,4,4
2017,2209,php,symfony2,31,1
2016,1086,php,symfony2,52,2
2017,592,sql,symfony2,29,3
2016,192,sql,symfony2,58,4
2017,2411,php,symfony3,27,1
2017,527,sql,symfony3,31,2
2016,280,php,symfony3,62,3
2016,36,sql,symfony3,63,4
2017,907,python,terminal,14,1
2017,960,python,tkinter,12,1
2016,645,python,tkinter,25,2
2017,298,python-3.x,tkinter,4,3
2016,178,python-3.x,tkinter,6,4
2017,331,sql,transacciones,46,1
2016,261,sql,transacciones,53,2
2017,257,sql-server,transacciones,36,3
2016,198,sql-server,transacciones,43,4
2017,1053,sql,tsql,12,1
2017,805,sql-server,tsql,5,2
2016,459,sql,tsql,35,3
2016,322,sql-server,tsql,30,4
2015,12,sql,tsql,67,5
2015,6,sql-server,tsql,51,6
2017,493,python,tweepy,34,1
2016,476,python,tweepy,36,2
2017,3086,javascript,typescript,33,1
2017,2593,php,typescript,24,2
2016,1116,javascript,typescript,64,3
2017,595,sql,typescript,28,4
2017,452,angularjs-2.0,typescript,2,5
2016,410,php,typescript,59,6
2017,354,nodejs,typescript,10,7
2016,152,nodejs,typescript,31,8
2016,110,sql,typescript,61,9
2015,64,javascript,typescript,76,10
2016,33,angularjs-2.0,typescript,9,11
2015,6,php,typescript,79,12
2015,5,sql,typescript,73,13
2015,2,nodejs,typescript,45,14
2017,4127,php,ubuntu,12,1
2017,3490,javascript,ubuntu,27,2
2017,2716,java,ubuntu,45,3
2016,2448,java,ubuntu,54,4
2017,1900,mysql,ubuntu,19,5
2017,1810,jquery,ubuntu,21,6
2017,1637,html,ubuntu,33,7
2016,1528,php,ubuntu,45,8
2017,1307,python,ubuntu,4,9
2017,1239,c++,ubuntu,11,10
2016,1188,javascript,ubuntu,63,11
2017,1132,sql,ubuntu,8,12
2016,703,mysql,ubuntu,51,13
2016,682,html,ubuntu,64,14
2016,619,jquery,ubuntu,64,15
2016,612,python,ubuntu,29,16
2017,578,html5,ubuntu,49,17
2017,555,sql-server,ubuntu,17,18
2017,528,c,ubuntu,15,19
2016,523,c++,ubuntu,43,20
2017,505,laravel,ubuntu,11,21
2017,425,laravel-5,ubuntu,10,22
2017,400,json,ubuntu,27,23
2016,382,sql,ubuntu,42,24
2016,357,django,ubuntu,32,25
2016,342,html5,ubuntu,64,26
2017,337,python-3.x,ubuntu,2,27
2017,333,nodejs,ubuntu,14,28
2017,327,django,ubuntu,36,29
2016,315,c,ubuntu,45,30
2017,315,linux,ubuntu,5,31
2017,284,mysqli,ubuntu,18,32
2016,233,linux,ubuntu,10,33
2016,230,sql-server,ubuntu,39,34
2016,229,json,ubuntu,60,35
2016,164,python-3.x,ubuntu,7,36
2016,150,mysqli,ubuntu,31,37
2016,118,nodejs,ubuntu,32,38
2015,81,python,ubuntu,60,39
2016,54,laravel-5,ubuntu,53,40
2015,51,javascript,ubuntu,79,41
2016,50,laravel,ubuntu,61,42
2015,33,c++,ubuntu,76,43
2015,27,django,ubuntu,85,44
2015,26,java,ubuntu,85,45
2015,20,linux,ubuntu,19,46
2015,17,jquery,ubuntu,78,47
2015,16,html,ubuntu,78,48
2015,12,html5,ubuntu,80,49
2015,9,mysql,ubuntu,74,50
2015,9,python-3.x,ubuntu,9,51
2015,9,nodejs,ubuntu,39,52
2015,8,json,ubuntu,79,53
2015,5,sql,ubuntu,72,54
2015,4,php,ubuntu,80,55
2015,3,c,ubuntu,86,56
2015,1,sql-server,ubuntu,58,57
2017,620,python,unicode,28,1
2016,56,python,unicode,63,2
2017,516,sql,unix,32,1
2017,395,python,unix,41,2
2016,333,python,unix,46,3
2016,167,sql,unix,60,4
2015,15,python,unix,66,5
2015,2,sql,unix,78,6
2016,286,laravel,vagrant,37,1
2017,272,laravel,vagrant,44,2
2016,259,laravel-5,vagrant,31,3
2017,234,laravel-5,vagrant,35,4
2015,1,laravel-5,vagrant,62,5
2015,1,laravel,vagrant,73,6
2017,3855,c#,vb.net,10,1
2017,3669,php,vb.net,15,2
2017,3520,javascript,vb.net,26,3
2017,2748,java,vb.net,44,4
2016,2633,java,vb.net,47,5
2016,2524,c#,vb.net,28,6
2016,2429,javascript,vb.net,45,7
2017,2079,mysql,vb.net,15,8
2017,1705,sql,vb.net,2,9
2017,1586,html,vb.net,36,10
2017,1578,jquery,vb.net,27,11
2016,1565,php,vb.net,43,12
2016,1263,html,vb.net,49,13
2016,1228,jquery,vb.net,43,14
2017,1202,sql-server,vb.net,1,15
2017,1016,asp.net,vb.net,11,16
2016,942,mysql,vb.net,44,17
2017,896,c++,vb.net,25,18
2016,813,sql,vb.net,16,19
2016,685,sql-server,vb.net,9,20
2016,644,asp.net,vb.net,34,21
2016,627,html5,vb.net,41,22
2017,612,html5,vb.net,44,23
2017,555,python,vb.net,31,24
2017,509,c,vb.net,17,25
2017,434,.net,vb.net,4,26
2016,432,c++,vb.net,50,27
2017,412,json,vb.net,25,28
2016,398,asp.net-mvc,vb.net,19,29
2016,357,json,vb.net,33,30
2016,355,.net,vb.net,15,31
2017,352,mysqli,vb.net,9,32
2016,324,bootstrap,vb.net,43,33
2016,324,c,vb.net,44,34
2017,324,asp.net-mvc,vb.net,36,35
2017,278,regex,vb.net,4,36
2017,259,bootstrap,vb.net,59,37
2016,256,python,vb.net,50,38
2016,255,asp.net-mvc-5,vb.net,29,39
2017,234,asp.net-mvc-5,vb.net,37,40
2016,142,mysqli,vb.net,33,41
2016,127,regex,vb.net,7,42
2015,53,java,vb.net,79,43
2015,48,javascript,vb.net,81,44
2015,34,jquery,vb.net,71,45
2015,34,c#,vb.net,82,46
2015,29,c++,vb.net,77,47
2015,15,html,vb.net,80,48
2015,12,python,vb.net,68,49
2015,12,html5,vb.net,77,50
2015,11,.net,vb.net,81,51
2015,11,sql,vb.net,68,52
2015,9,regex,vb.net,9,53
2015,8,json,vb.net,80,54
2015,8,mysql,vb.net,76,55
2015,8,php,vb.net,71,56
2015,8,sql-server,vb.net,49,57
2015,7,asp.net,vb.net,80,58
2015,7,asp.net-mvc-5,vb.net,58,59
2015,5,asp.net-mvc,vb.net,79,60
2015,4,mysqli,vb.net,42,61
2015,3,bootstrap,vb.net,82,62
2015,3,c,vb.net,83,63
2017,827,sql,vb6,15,1
2017,534,sql-server,vb6,19,2
2017,349,vb.net,vb6,9,3
2016,280,sql,vb6,52,4
2016,201,sql-server,vb6,40,5
2016,111,vb.net,vb6,20,6
2017,2034,php,vba,40,1
2017,957,sql,vba,14,2
2016,629,php,vba,58,3
2017,609,sql-server,vba,11,4
2017,312,excel,vba,3,5
2017,291,vb.net,vba,11,6
2016,237,sql,vba,55,7
2016,188,vb.net,vba,17,8
2016,174,sql-server,vba,46,9
2016,136,excel,vba,14,10
2015,4,sql,vba,74,11
2015,3,excel,vba,20,12
2015,2,php,vba,83,13
2015,1,sql-server,vba,61,14
2017,422,laravel,vistas,19,1
2016,11,laravel,vistas,65,2
2017,1119,c++,visual-c++,15,1
2016,429,c++,visual-c++,51,2
2017,399,c,visual-c++,33,3
2016,204,c,visual-c++,60,4
2017,3929,c#,visual-studio,7,1
2017,2732,javascript,visual-studio,37,2
2016,2683,c#,visual-studio,23,3
2017,2679,php,visual-studio,21,4
2017,2469,java,visual-studio,53,5
2016,2368,java,visual-studio,58,6
2016,1599,javascript,visual-studio,58,7
2017,1583,mysql,visual-studio,25,8
2017,1337,sql,visual-studio,5,9
2017,1257,jquery,visual-studio,40,10
2017,1106,c++,visual-studio,16,11
2017,1023,asp.net,visual-studio,10,12
2017,951,sql-server,visual-studio,2,13
2016,908,php,visual-studio,56,14
2016,746,jquery,visual-studio,61,15
2016,699,sql,visual-studio,22,16
2017,666,vb.net,visual-studio,1,17
2016,643,mysql,visual-studio,56,18
2016,584,sql-server,visual-studio,12,19
2016,547,asp.net,visual-studio,48,20
2016,462,c++,visual-studio,49,21
2017,457,python,visual-studio,39,22
2017,444,c,visual-studio,27,23
2016,376,vb.net,visual-studio,8,24
2017,368,.net,visual-studio,13,25
2016,337,.net,visual-studio,23,26
2016,333,asp.net-mvc,visual-studio,35,27
2017,324,json,visual-studio,42,28
2017,322,asp.net-mvc,visual-studio,37,29
2016,298,json,visual-studio,44,30
2016,257,python,visual-studio,49,31
2017,240,asp.net-mvc-5,visual-studio,36,32
2016,217,asp.net-mvc-5,visual-studio,38,33
2016,215,c,visual-studio,59,34
2015,66,javascript,visual-studio,75,35
2015,39,c#,visual-studio,80,36
2015,36,c++,visual-studio,75,37
2015,27,java,visual-studio,84,38
2015,20,jquery,visual-studio,76,39
2015,15,json,visual-studio,70,40
2015,9,asp.net,visual-studio,76,41
2015,8,.net,visual-studio,86,42
2015,8,python,visual-studio,70,43
2015,5,sql-server,visual-studio,52,44
2015,4,asp.net-mvc-5,visual-studio,60,45
2015,4,php,visual-studio,81,46
2015,3,sql,visual-studio,75,47
2015,3,c,visual-studio,84,48
2015,3,mysql,visual-studio,84,49
2015,1,vb.net,visual-studio,24,50
2015,1,asp.net-mvc,visual-studio,88,51
2017,2559,c#,visual-studio-2013,27,1
2016,1279,c#,visual-studio-2013,64,2
2017,681,asp.net,visual-studio-2013,29,3
2017,651,sql,visual-studio-2013,27,4
2017,558,sql-server,visual-studio-2013,15,5
2017,451,vb.net,visual-studio-2013,5,6
2016,351,sql,visual-studio-2013,43,7
2016,341,asp.net,visual-studio-2013,64,8
2016,328,sql-server,visual-studio-2013,29,9
2016,243,vb.net,visual-studio-2013,16,10
2017,3508,c#,visual-studio-2015,13,1
2017,2202,php,visual-studio-2015,32,2
2016,2199,c#,visual-studio-2015,41,3
2017,1321,mysql,visual-studio-2015,30,4
2016,1222,php,visual-studio-2015,49,5
2017,1099,jquery,visual-studio-2015,50,6
2017,1074,sql,visual-studio-2015,10,7
2017,902,asp.net,visual-studio-2015,17,8
2016,890,jquery,visual-studio-2015,58,9
2017,770,sql-server,visual-studio-2015,6,10
2017,767,c++,visual-studio-2015,30,11
2016,705,mysql,visual-studio-2015,49,12
2016,586,sql,visual-studio-2015,30,13
2016,523,asp.net,visual-studio-2015,50,14
2017,503,vb.net,visual-studio-2015,3,15
2016,418,sql-server,visual-studio-2015,24,16
2016,410,c++,visual-studio-2015,52,17
2017,390,c,visual-studio-2015,36,18
2017,352,asp.net-mvc,visual-studio-2015,32,19
2017,351,asp.net-mvc-5,visual-studio-2015,9,20
2017,318,.net,visual-studio-2015,29,21
2016,304,asp.net-mvc,visual-studio-2015,41,22
2017,291,json,visual-studio-2015,48,23
2016,273,vb.net,visual-studio-2015,14,24
2016,254,.net,visual-studio-2015,51,25
2016,252,json,visual-studio-2015,54,26
2017,237,visual-studio,visual-studio-2015,3,27
2016,226,visual-studio,visual-studio-2015,4,28
2016,215,c,visual-studio-2015,58,29
2016,212,asp.net-mvc-5,visual-studio-2015,40,30
2015,13,c#,visual-studio-2015,91,31
2015,8,visual-studio,visual-studio-2015,6,32
2015,5,.net,visual-studio-2015,91,33
2015,3,asp.net,visual-studio-2015,91,34
2015,3,sql-server,visual-studio-2015,55,35
2015,2,jquery,visual-studio-2015,91,36
2015,2,sql,visual-studio-2015,79,37
2015,2,asp.net-mvc-5,visual-studio-2015,62,38
2015,1,json,visual-studio-2015,93,39
2015,1,mysql,visual-studio-2015,88,40
2015,1,php,visual-studio-2015,85,41
2016,423,sql,wcf,38,1
2017,407,sql,wcf,39,2
2017,348,sql-server,wcf,26,3
2016,329,sql-server,wcf,28,4
2015,1,sql-server,wcf,60,5
2015,1,sql,wcf,81,6
2017,666,python,while,24,1
2017,4287,php,windows,9,1
2017,3896,javascript,windows,21,2
2017,3612,java,windows,20,3
2016,3282,java,windows,27,4
2016,2853,javascript,windows,36,5
2016,2744,android,windows,50,6
2017,2507,android,windows,54,7
2017,2358,c#,windows,32,8
2016,2308,c#,windows,35,9
2017,2170,mysql,windows,14,10
2016,2036,php,windows,39,11
2017,1823,html,windows,28,12
2017,1753,jquery,windows,22,13
2016,1466,html,windows,43,14
2016,1338,jquery,windows,38,15
2017,1276,sql,windows,6,16
2017,1258,c++,windows,10,17
2017,1252,python,windows,5,18
2016,1055,mysql,windows,38,19
2016,877,python,windows,15,20
2016,792,angularjs,windows,27,21
2016,789,html5,windows,25,22
2016,772,sql,windows,18,23
2016,742,css,windows,40,24
2017,734,android-studio,windows,23,25
2017,711,css,windows,45,26
2017,680,sql-server,windows,10,27
2017,629,html5,windows,40,28
2016,628,c++,windows,37,29
2017,616,c,windows,11,30
2016,556,sql-server,windows,16,31
2016,546,asp.net,windows,49,32
2017,545,ajax,windows,46,33
2017,498,asp.net,windows,54,34
2017,457,json,windows,16,35
2016,448,ajax,windows,57,36
2017,428,vb.net,windows,6,37
2016,419,android-studio,windows,55,38
2016,410,json,windows,26,39
2016,384,django,windows,27,40
2016,369,c,windows,39,41
2017,363,mysqli,windows,8,42
2017,359,nodejs,windows,9,43
2016,343,bootstrap,windows,36,44
2017,338,python-3.x,windows,1,45
2016,326,nodejs,windows,15,46
2016,309,asp.net-mvc,windows,39,47
2016,306,.net,windows,33,48
2017,304,angularjs,windows,58,49
2016,296,android-layout,windows,32,50
2016,287,vb.net,windows,12,51
2017,287,linux,windows,7,52
2016,285,css3,windows,39,53
2016,283,laravel,windows,39,54
2017,270,css3,windows,45,55
2017,270,django,windows,48,56
2017,257,.net,windows,50,57
2017,248,bootstrap,windows,61,58
2016,227,python-3.x,windows,5,59
2016,205,linux,windows,13,60
2017,194,android-layout,windows,46,61
2016,175,mysqli,windows,29,62
2017,171,laravel,windows,60,63
2017,167,asp.net-mvc,windows,63,64
2015,65,python,windows,61,65
2015,63,javascript,windows,77,66
2015,27,django,windows,84,67
2015,27,jquery,windows,72,68
2015,21,java,windows,86,69
2015,20,html,windows,76,70
2015,20,mysql,windows,68,71
2015,17,c#,windows,89,72
2015,15,html5,windows,74,73
2015,13,sql,windows,66,74
2015,11,linux,windows,20,75
2015,9,python-3.x,windows,10,76
2015,9,json,windows,77,77
2015,8,nodejs,windows,42,78
2015,8,php,windows,70,79
2015,8,c++,windows,87,80
2015,6,asp.net,windows,82,81
2015,6,angularjs,windows,83,82
2015,5,android,windows,91,83
2015,4,css,windows,85,84
2015,4,mysqli,windows,40,85
2015,3,css3,windows,82,86
2015,3,sql-server,windows,56,87
2015,3,.net,windows,93,88
2015,2,bootstrap,windows,85,89
2015,1,vb.net,windows,23,90
2015,1,ajax,windows,90,91
2017,3891,c#,windows-forms,9,1
2016,2622,c#,windows-forms,25,2
2017,1705,php,windows-forms,41,3
2016,1059,php,windows-forms,53,4
2017,1016,sql,windows-forms,13,5
2017,1004,mysql,windows-forms,42,6
2017,874,asp.net,windows-forms,18,7
2017,825,sql-server,windows-forms,4,8
2016,703,mysql,windows-forms,52,9
2016,681,sql,windows-forms,24,10
2017,630,vb.net,windows-forms,2,11
2016,576,sql-server,windows-forms,13,12
2016,522,asp.net,windows-forms,51,13
2017,346,.net,windows-forms,19,14
2016,341,vb.net,windows-forms,10,15
2016,307,.net,windows-forms,32,16
2016,306,asp.net-mvc,windows-forms,40,17
2016,288,visual-studio,windows-forms,1,18
2016,282,visual-studio-2015,windows-forms,1,19
2017,273,asp.net-mvc,windows-forms,51,20
2016,267,json,windows-forms,52,21
2017,260,visual-studio,windows-forms,2,22
2017,239,json,windows-forms,57,23
2016,217,asp.net-mvc-5,windows-forms,39,24
2017,191,asp.net-mvc-5,windows-forms,41,25
2017,182,visual-studio-2015,windows-forms,2,26
2015,105,c#,windows-forms,66,27
2015,20,.net,windows-forms,67,28
2015,17,sql-server,windows-forms,48,29
2015,16,sql,windows-forms,65,30
2015,14,json,windows-forms,72,31
2015,12,visual-studio,windows-forms,5,32
2015,11,mysql,windows-forms,71,33
2015,10,asp.net,windows-forms,74,34
2015,10,asp.net-mvc-5,windows-forms,50,35
2015,8,vb.net,windows-forms,21,36
2015,8,php,windows-forms,75,37
2015,7,asp.net-mvc,windows-forms,72,38
2015,2,visual-studio-2015,windows-forms,3,39
2017,710,sql,windows10,20,1
2017,422,sql-server,windows10,23,2
2016,109,sql,windows10,62,3
2016,91,sql-server,windows10,47,4
2017,2090,php,woocommerce,36,1
2016,639,php,woocommerce,57,2
2017,300,laravel,woocommerce,31,3
2017,249,laravel-5,woocommerce,34,4
2016,218,laravel,woocommerce,54,5
2016,199,laravel-5,woocommerce,47,6
2017,4987,php,wordpress,5,1
2017,4427,javascript,wordpress,15,2
2016,2599,php,wordpress,23,3
2017,2510,java,wordpress,50,4
2016,2435,java,wordpress,55,5
2016,2274,javascript,wordpress,48,6
2017,2141,html,wordpress,24,7
2017,2072,jquery,wordpress,15,8
2017,2021,mysql,wordpress,17,9
2016,1419,html,wordpress,44,10
2016,1238,jquery,wordpress,41,11
2017,1085,sql,wordpress,9,12
2017,1021,css,wordpress,21,13
2016,953,mysql,wordpress,43,14
2016,790,css,wordpress,32,15
2017,789,html5,wordpress,26,16
2016,747,html5,wordpress,30,17
2017,591,ajax,wordpress,38,18
2017,478,sql-server,wordpress,21,19
2017,475,python,wordpress,37,20
2017,431,css3,wordpress,17,21
2017,405,laravel,wordpress,21,22
2016,398,sql,wordpress,41,23
2017,388,json,wordpress,29,24
2016,371,ajax,wordpress,62,25
2016,351,python,wordpress,45,26
2017,336,laravel-5,wordpress,20,27
2017,331,bootstrap,wordpress,39,28
2017,329,mysqli,wordpress,13,29
2016,327,json,wordpress,39,30
2016,320,bootstrap,wordpress,45,31
2017,313,nodejs,wordpress,17,32
2016,301,css3,wordpress,35,33
2017,282,regex,wordpress,3,34
2016,279,mysqli,wordpress,21,35
2016,263,laravel,wordpress,47,36
2016,252,laravel-5,wordpress,33,37
2016,186,nodejs,wordpress,27,38
2016,174,sql-server,wordpress,45,39
2016,127,regex,wordpress,8,40
2015,58,javascript,wordpress,78,41
2015,25,jquery,wordpress,74,42
2015,17,html,wordpress,77,43
2015,12,html5,wordpress,75,44
2015,12,php,wordpress,68,45
2015,7,mysql,wordpress,79,46
2015,7,json,wordpress,81,47
2015,6,python,wordpress,71,48
2015,5,css3,wordpress,74,49
2015,4,java,wordpress,89,50
2015,4,mysqli,wordpress,43,51
2015,4,bootstrap,wordpress,78,52
2015,3,sql,wordpress,76,53
2015,3,css,wordpress,87,54
2015,2,laravel-5,wordpress,59,55
2015,2,laravel,wordpress,72,56
2015,2,nodejs,wordpress,46,57
2015,1,regex,wordpress,12,58
2015,1,sql-server,wordpress,59,59
2015,1,ajax,wordpress,92,60
2017,2594,c#,wpf,26,1
2016,1565,c#,wpf,61,2
2017,706,sql,wpf,21,3
2017,607,asp.net,wpf,37,4
2017,562,sql-server,wpf,14,5
2017,424,vb.net,wpf,7,6
2016,354,asp.net,wpf,63,7
2017,293,windows-forms,wpf,1,8
2016,231,sql,wpf,56,9
2016,201,sql-server,wpf,41,10
2016,166,vb.net,wpf,18,11
2016,146,windows-forms,wpf,4,12
2015,53,c#,wpf,75,13
2015,12,windows-forms,wpf,5,14
2015,9,asp.net,wpf,75,15
2015,3,sql-server,wpf,54,16
2015,2,vb.net,wpf,22,17
2015,2,sql,wpf,77,18
2017,667,sql,xamarin,26,1
2017,517,sql-server,xamarin,20,2
2016,281,sql,xamarin,51,3
2016,194,sql-server,xamarin,44,4
2017,4229,php,xampp,10,1
2017,1803,mysql,xampp,21,2
2016,1514,php,xampp,46,3
2017,1501,jquery,xampp,32,4
2017,918,python,xampp,13,5
2017,798,sql,xampp,17,6
2016,722,jquery,xampp,62,7
2016,519,mysql,xampp,60,8
2017,377,laravel,xampp,23,9
2017,348,mysqli,xampp,10,10
2017,314,laravel-5,xampp,22,11
2016,288,laravel,xampp,36,12
2016,270,laravel-5,xampp,28,13
2016,194,sql,xampp,57,14
2016,140,python,xampp,54,15
2016,134,mysqli,xampp,34,16
2017,778,c++,xcode,28,1
2016,412,ios,xcode,1,2
2016,383,swift,xcode,2,3
2016,343,c++,xcode,57,4
2017,250,ios,xcode,9,5
2017,117,swift,xcode,5,6
2015,38,ios,xcode,17,7
2015,25,c++,xcode,80,8
2015,21,swift,xcode,7,9
2017,5043,php,xml,4,1
2017,4477,javascript,xml,14,2
2017,4302,java,xml,14,3
2016,3908,java,xml,17,4
2017,3792,android,xml,13,5
2016,3702,android,xml,17,6
2017,2697,c#,xml,22,7
2016,2562,javascript,xml,42,8
2017,2243,mysql,xml,12,9
2017,2201,html,xml,21,10
2016,2140,php,xml,35,11
2016,2124,c#,xml,44,12
2017,2021,jquery,xml,17,13
2016,1375,html,xml,46,14
2017,1357,sql,xml,4,15
2017,1237,c++,xml,12,16
2016,1236,jquery,xml,42,17
2017,1082,python,xml,10,18
2016,1064,mysql,xml,37,19
2017,1005,android-studio,xml,7,20
2017,915,css,xml,26,21
2017,791,html5,xml,23,22
2017,757,sql-server,xml,7,23
2016,731,html5,xml,31,24
2017,697,asp.net,xml,27,25
2017,680,ajax,xml,33,26
2016,667,sql,xml,25,27
2016,647,css,xml,47,28
2016,591,angularjs,xml,46,29
2017,567,c,xml,13,30
2017,519,json,xml,10,31
2016,509,android-studio,xml,43,32
2017,487,laravel,xml,12,33
2016,475,asp.net,xml,58,34
2017,464,vb.net,xml,4,35
2016,451,sql-server,xml,22,36
2016,428,json,xml,22,37
2016,417,ajax,xml,59,38
2016,405,android-layout,xml,7,39
2017,388,laravel-5,xml,13,40
2017,381,css3,xml,23,41
2016,378,python,xml,42,42
2016,374,c++,xml,55,43
2017,370,angularjs,xml,53,44
2017,346,mysqli,xml,11,45
2017,340,nodejs,xml,13,46
2016,328,bootstrap,xml,41,47
2017,326,bootstrap,xml,42,48
2017,315,regex,xml,2,49
2016,293,asp.net-mvc,xml,47,50
2016,290,.net,xml,37,51
2017,284,android-layout,xml,35,52
2016,272,vb.net,xml,15,53
2016,271,c,xml,53,54
2017,259,.net,xml,49,55
2016,250,css3,xml,49,56
2016,242,laravel,xml,50,57
2017,234,windows-forms,xml,2,58
2016,230,laravel-5,xml,37,59
2017,219,asp.net-mvc,xml,57,60
2016,194,windows-forms,xml,3,61
2016,179,mysqli,xml,28,62
2016,174,nodejs,xml,28,63
2016,129,regex,xml,6,64
2015,45,java,xml,83,65
2015,25,javascript,xml,87,66
2015,17,android,xml,85,67
2015,14,c#,xml,90,68
2015,14,python,xml,67,69
2015,10,c++,xml,86,70
2015,9,nodejs,xml,38,71
2015,8,json,xml,78,72
2015,8,php,xml,72,73
2015,8,sql,xml,70,74
2015,6,mysql,xml,81,75
2015,5,c,xml,77,76
2015,4,angularjs,xml,87,77
2015,4,ajax,xml,88,78
2015,4,.net,xml,92,79
2015,4,asp.net,xml,88,80
2015,3,html,xml,93,81
2015,3,jquery,xml,90,82
2015,3,html5,xml,91,83
2015,3,regex,xml,10,84
2015,3,css,xml,91,85
2015,2,sql-server,xml,57,86
2015,2,windows-forms,xml,6,87
2015,1,css3,xml,89,88
2015,1,bootstrap,xml,91,89
2015,1,android-layout,xml,66,90
2015,1,asp.net-mvc,xml,86,91
2015,1,laravel,xml,74,92
2017,467,sql,zip,34,1
2016,347,sql,zip,44,2
2017,321,sql-server,zip,31,3
2017,275,vb.net,zip,13,4
2016,238,sql-server,zip,37,5
2016,142,vb.net,zip,19,6
